# Blender v2.91.2 OBJ File: 'ServiceTable.blend'
# www.blender.org
mtllib ServingTable.mtl
o Cube.009
v -0.385613 0.263718 -0.699077
v -0.387268 0.235204 -0.702079
v -0.385613 0.263718 0.699635
v -0.387268 0.235203 0.702637
v 0.385744 0.263718 -0.699077
v 0.387399 0.235204 -0.702079
v 0.385744 0.263718 0.699635
v 0.387399 0.235203 0.702637
v -0.387268 0.263718 0.702637
v -0.387268 0.263718 -0.702079
v 0.387399 0.263718 0.702637
v 0.387399 0.263718 -0.702079
v -0.385613 0.241569 0.699635
v -0.385613 0.241570 -0.699077
v 0.385744 0.241569 0.699635
v 0.385744 0.241570 -0.699077
v -0.385612 0.845449 0.699634
v -0.387268 0.890787 0.702636
v -0.385612 0.845449 -0.699078
v -0.387268 0.890787 -0.702080
v 0.385744 0.845449 0.699634
v 0.387400 0.890787 0.702636
v 0.385744 0.845449 -0.699078
v 0.387400 0.890787 -0.702080
v -0.387268 0.845449 -0.702080
v -0.387268 0.845449 0.702636
v 0.387400 0.845449 -0.702080
v 0.387400 0.845449 0.702636
v -0.385612 0.884421 -0.699078
v -0.385612 0.884421 0.699634
v 0.385744 0.884421 -0.699078
v 0.385744 0.884421 0.699634
vt 0.375000 0.000000
vt 0.625000 0.000000
vt 0.625000 0.250000
vt 0.375000 0.250000
vt 0.625000 0.500000
vt 0.375000 0.500000
vt 0.625000 0.750000
vt 0.375000 0.750000
vt 0.625000 1.000000
vt 0.375000 1.000000
vt 0.374466 0.500534
vt 0.374466 0.749466
vt 0.374466 0.749466
vt 0.374466 0.500534
vt 0.875000 0.500000
vt 0.875000 0.750000
vt 0.125534 0.500534
vt 0.125534 0.749466
vt 0.125000 0.750000
vt 0.125000 0.500000
vt 0.125534 0.500534
vt 0.125534 0.749466
vt 0.375000 0.000000
vt 0.625000 0.000000
vt 0.625000 0.250000
vt 0.375000 0.250000
vt 0.625000 0.500000
vt 0.375000 0.500000
vt 0.625000 0.750000
vt 0.375000 0.750000
vt 0.625000 1.000000
vt 0.375000 1.000000
vt 0.374466 0.500534
vt 0.374466 0.749466
vt 0.374466 0.749466
vt 0.374466 0.500534
vt 0.875000 0.500000
vt 0.875000 0.750000
vt 0.125534 0.500534
vt 0.125534 0.749466
vt 0.125000 0.750000
vt 0.125000 0.500000
vt 0.125534 0.500534
vt 0.125534 0.749466
vn -1.0000 0.0000 0.0000
vn 0.0000 0.0000 1.0000
vn 1.0000 0.0000 0.0000
vn 0.0000 0.0000 -1.0000
vn 0.0000 -1.0000 -0.0000
vn 0.0000 1.0000 -0.0000
usemtl M_TableTops
s 1
f 10/1/1 2/2/1 4/3/1 9/4/1
f 9/4/2 4/3/2 8/5/2 11/6/2
f 11/6/3 8/5/3 6/7/3 12/8/3
f 12/8/4 6/7/4 2/9/4 10/10/4
f 7/11/1 5/12/1 16/13/1 15/14/1
f 8/5/5 4/15/5 2/16/5 6/7/5
f 3/17/6 1/18/6 10/19/6 9/20/6
f 7/11/6 3/17/6 9/20/6 11/6/6
f 5/12/6 7/11/6 11/6/6 12/8/6
f 1/18/6 5/12/6 12/8/6 10/19/6
f 13/21/6 15/14/6 16/13/6 14/22/6
f 1/18/3 3/17/3 13/21/3 14/22/3
f 5/12/2 1/18/2 14/22/2 16/13/2
f 3/17/4 7/11/4 15/14/4 13/21/4
f 26/23/1 18/24/1 20/25/1 25/26/1
f 25/26/4 20/25/4 24/27/4 27/28/4
f 27/28/3 24/27/3 22/29/3 28/30/3
f 28/30/2 22/29/2 18/31/2 26/32/2
f 23/33/1 21/34/1 32/35/1 31/36/1
f 24/27/6 20/37/6 18/38/6 22/29/6
f 19/39/5 17/40/5 26/41/5 25/42/5
f 23/33/5 19/39/5 25/42/5 27/28/5
f 21/34/5 23/33/5 27/28/5 28/30/5
f 17/40/5 21/34/5 28/30/5 26/41/5
f 29/43/5 31/36/5 32/35/5 30/44/5
f 17/40/3 19/39/3 29/43/3 30/44/3
f 21/34/4 17/40/4 30/44/4 32/35/4
f 19/39/2 23/33/2 31/36/2 29/43/2
o Cube.011
v -0.358100 0.845449 0.672122
v -0.358100 0.263718 0.699635
v -0.358100 0.845449 0.699635
v -0.385613 0.263718 0.672122
v -0.385613 0.845449 0.672122
v -0.385613 0.263718 0.699635
v -0.385613 0.845449 0.699635
v 0.358231 0.845449 -0.671563
v 0.358231 0.263718 -0.699076
v 0.358231 0.845449 -0.699076
v 0.385744 0.263718 -0.671563
v 0.385744 0.845449 -0.671563
v 0.385744 0.263718 -0.699076
v 0.385744 0.845449 -0.699076
v 0.358231 0.845449 0.672123
v 0.385744 0.263718 0.672123
v 0.385744 0.845449 0.672123
v 0.358231 0.263718 0.699636
v 0.358231 0.845449 0.699636
v 0.385744 0.263718 0.699636
v 0.385744 0.845449 0.699636
v -0.358099 0.845449 -0.671563
v -0.385612 0.263718 -0.671562
v -0.385612 0.845449 -0.671563
v -0.358100 0.263718 -0.699076
v -0.358100 0.845449 -0.699076
v -0.385612 0.263718 -0.699076
v -0.385612 0.845449 -0.699076
v -0.358100 0.845449 0.672122
v -0.358100 0.263718 0.699635
v -0.358100 0.845449 0.699635
v -0.385613 0.263718 0.672122
v -0.385613 0.845449 0.672122
v -0.385613 0.263718 0.699635
v -0.385613 0.845449 0.699635
v 0.358231 0.845449 -0.671563
v 0.358231 0.263718 -0.699076
v 0.358231 0.845449 -0.699076
v 0.385744 0.263718 -0.671563
v 0.385744 0.845449 -0.671563
v 0.385744 0.263718 -0.699076
v 0.385744 0.845449 -0.699076
v 0.358231 0.845449 0.672123
v 0.385744 0.263718 0.672123
v 0.385744 0.845449 0.672123
v 0.358231 0.263718 0.699636
v 0.358231 0.845449 0.699636
v 0.385744 0.263718 0.699636
v 0.385744 0.845449 0.699636
v -0.358099 0.845449 -0.671563
v -0.385612 0.263718 -0.671562
v -0.385612 0.845449 -0.671563
v -0.358100 0.263718 -0.699076
v -0.358100 0.845449 -0.699076
v -0.385612 0.263718 -0.699076
v -0.385612 0.845449 -0.699076
vt 0.375000 0.250000
vt 0.625000 0.250000
vt 0.625000 0.500000
vt 0.375000 0.500000
vt 0.625000 0.750000
vt 0.375000 0.750000
vt 0.875000 0.500000
vt 0.875000 0.750000
vt 0.375000 0.250000
vt 0.625000 0.250000
vt 0.625000 0.500000
vt 0.375000 0.500000
vt 0.625000 0.750000
vt 0.375000 0.750000
vt 0.875000 0.500000
vt 0.875000 0.750000
vt 0.375000 0.250000
vt 0.625000 0.250000
vt 0.625000 0.500000
vt 0.375000 0.500000
vt 0.625000 0.750000
vt 0.375000 0.750000
vt 0.875000 0.500000
vt 0.875000 0.750000
vt 0.375000 0.250000
vt 0.625000 0.250000
vt 0.625000 0.500000
vt 0.375000 0.500000
vt 0.625000 0.750000
vt 0.375000 0.750000
vt 0.875000 0.500000
vt 0.875000 0.750000
vt 0.375000 0.250000
vt 0.375000 0.500000
vt 0.625000 0.500000
vt 0.625000 0.250000
vt 0.375000 0.750000
vt 0.625000 0.750000
vt 0.875000 0.750000
vt 0.875000 0.500000
vt 0.375000 0.250000
vt 0.375000 0.500000
vt 0.625000 0.500000
vt 0.625000 0.250000
vt 0.375000 0.750000
vt 0.625000 0.750000
vt 0.875000 0.750000
vt 0.875000 0.500000
vt 0.375000 0.250000
vt 0.375000 0.500000
vt 0.625000 0.500000
vt 0.625000 0.250000
vt 0.375000 0.750000
vt 0.625000 0.750000
vt 0.875000 0.750000
vt 0.875000 0.500000
vt 0.375000 0.250000
vt 0.375000 0.500000
vt 0.625000 0.500000
vt 0.625000 0.250000
vt 0.375000 0.750000
vt 0.625000 0.750000
vt 0.875000 0.750000
vt 0.875000 0.500000
vn 0.0000 0.0000 1.0000
vn -1.0000 -0.0000 0.0000
vn 0.0000 1.0000 0.0000
vn 0.0000 -0.0000 -1.0000
vn 1.0000 0.0000 -0.0000
vn 0.0000 -1.0000 0.0000
usemtl M_TableTops
s 1
f 34/45/7 35/46/7 39/47/7 38/48/7
f 38/48/8 39/47/8 37/49/8 36/50/8
f 39/47/9 35/51/9 33/52/9 37/49/9
f 41/53/10 42/54/10 46/55/10 45/56/10
f 45/56/11 46/55/11 44/57/11 43/58/11
f 46/55/9 42/59/9 40/60/9 44/57/9
f 48/61/11 49/62/11 53/63/11 52/64/11
f 52/64/7 53/63/7 51/65/7 50/66/7
f 53/63/9 49/67/9 47/68/9 51/65/9
f 55/69/8 56/70/8 60/71/8 59/72/8
f 59/72/10 60/71/10 58/73/10 57/74/10
f 60/71/9 56/75/9 54/76/9 58/73/9
f 62/77/10 66/78/10 67/79/10 63/80/10
f 66/78/11 64/81/11 65/82/11 67/79/11
f 67/79/12 65/82/12 61/83/12 63/84/12
f 69/85/7 73/86/7 74/87/7 70/88/7
f 73/86/8 71/89/8 72/90/8 74/87/8
f 74/87/12 72/90/12 68/91/12 70/92/12
f 76/93/8 80/94/8 81/95/8 77/96/8
f 80/94/10 78/97/10 79/98/10 81/95/10
f 81/95/12 79/98/12 75/99/12 77/100/12
f 83/101/11 87/102/11 88/103/11 84/104/11
f 87/102/7 85/105/7 86/106/7 88/103/7
f 88/103/12 86/106/12 82/107/12 84/108/12
o Cube.007_Cube.013
v -0.174925 0.856270 0.746562
v -0.174925 0.877236 0.746562
v -0.174925 0.856270 0.702636
v -0.174925 0.877236 0.702636
v -0.153959 0.856270 0.746562
v -0.153959 0.877236 0.746562
v -0.153959 0.856270 0.702636
v -0.153959 0.877236 0.702636
v -0.174925 0.860062 0.758588
v -0.174925 0.877236 0.746562
v -0.153959 0.877236 0.746562
v -0.153959 0.860062 0.758588
v -0.174925 0.886015 0.795653
v -0.174925 0.903190 0.783628
v -0.153959 0.903190 0.783628
v -0.153959 0.886015 0.795653
v 0.174925 0.856270 0.746562
v 0.174925 0.877236 0.746562
v 0.174925 0.856270 0.702636
v 0.174925 0.877236 0.702636
v 0.153959 0.856270 0.746562
v 0.153959 0.877236 0.746562
v 0.153959 0.856270 0.702636
v 0.153959 0.877236 0.702636
v 0.174925 0.860062 0.758588
v 0.174925 0.877236 0.746562
v 0.153959 0.877236 0.746562
v 0.153959 0.860062 0.758588
v 0.174925 0.886015 0.795653
v 0.174925 0.903190 0.783628
v 0.153959 0.903190 0.783628
v 0.153959 0.886015 0.795653
v 0.175442 0.898012 0.781738
v -0.175651 0.898012 0.781738
v 0.175442 0.900353 0.781968
v -0.175651 0.900353 0.781968
v 0.175442 0.902603 0.782651
v -0.175651 0.902603 0.782651
v 0.175442 0.904677 0.783760
v -0.175651 0.904677 0.783760
v 0.175442 0.906495 0.785251
v -0.175651 0.906495 0.785251
v 0.175442 0.907987 0.787069
v -0.175651 0.907987 0.787069
v 0.175442 0.909096 0.789143
v -0.175651 0.909096 0.789143
v 0.175442 0.909778 0.791394
v -0.175651 0.909778 0.791394
v 0.175442 0.910009 0.793734
v -0.175651 0.910009 0.793734
v 0.175442 0.909778 0.796075
v -0.175651 0.909778 0.796075
v 0.175442 0.909096 0.798325
v -0.175651 0.909096 0.798325
v 0.175442 0.907987 0.800399
v -0.175651 0.907987 0.800399
v 0.175442 0.906495 0.802217
v -0.175651 0.906495 0.802217
v 0.175442 0.904677 0.803709
v -0.175651 0.904677 0.803709
v 0.175442 0.902603 0.804818
v -0.175651 0.902603 0.804818
v 0.175442 0.900353 0.805500
v -0.175651 0.900353 0.805500
v 0.175442 0.898012 0.805731
v -0.175651 0.898012 0.805731
v 0.175442 0.895672 0.805500
v -0.175651 0.895672 0.805500
v 0.175442 0.893421 0.804818
v -0.175651 0.893421 0.804818
v 0.175442 0.891347 0.803709
v -0.175651 0.891347 0.803709
v 0.175442 0.889529 0.802217
v -0.175651 0.889529 0.802217
v 0.175442 0.888037 0.800399
v -0.175651 0.888037 0.800399
v 0.175442 0.886929 0.798325
v -0.175651 0.886929 0.798325
v 0.175442 0.886246 0.796075
v -0.175651 0.886246 0.796075
v 0.175442 0.886016 0.793734
v -0.175651 0.886016 0.793734
v 0.175442 0.886246 0.791394
v -0.175651 0.886246 0.791394
v 0.175442 0.886929 0.789143
v -0.175651 0.886929 0.789143
v 0.175442 0.888037 0.787069
v -0.175651 0.888037 0.787069
v 0.175442 0.889529 0.785251
v -0.175651 0.889529 0.785251
v 0.175442 0.891347 0.783760
v -0.175651 0.891347 0.783760
v 0.175442 0.893421 0.782651
v -0.175651 0.893421 0.782651
v 0.175442 0.895672 0.781968
v -0.175651 0.895672 0.781968
vt 1.000000 0.500000
vt 1.000000 1.000000
vt 0.968750 1.000000
vt 0.968750 0.500000
vt 0.937500 1.000000
vt 0.937500 0.500000
vt 0.906250 1.000000
vt 0.906250 0.500000
vt 0.875000 1.000000
vt 0.875000 0.500000
vt 0.843750 1.000000
vt 0.843750 0.500000
vt 0.812500 1.000000
vt 0.812500 0.500000
vt 0.781250 1.000000
vt 0.781250 0.500000
vt 0.750000 1.000000
vt 0.750000 0.500000
vt 0.718750 1.000000
vt 0.718750 0.500000
vt 0.687500 1.000000
vt 0.687500 0.500000
vt 0.656250 1.000000
vt 0.656250 0.500000
vt 0.625000 1.000000
vt 0.625000 0.500000
vt 0.593750 1.000000
vt 0.593750 0.500000
vt 0.562500 1.000000
vt 0.562500 0.500000
vt 0.531250 1.000000
vt 0.531250 0.500000
vt 0.500000 1.000000
vt 0.500000 0.500000
vt 0.468750 1.000000
vt 0.468750 0.500000
vt 0.437500 1.000000
vt 0.437500 0.500000
vt 0.406250 1.000000
vt 0.406250 0.500000
vt 0.375000 1.000000
vt 0.375000 0.500000
vt 0.343750 1.000000
vt 0.343750 0.500000
vt 0.312500 1.000000
vt 0.312500 0.500000
vt 0.281250 1.000000
vt 0.281250 0.500000
vt 0.250000 1.000000
vt 0.250000 0.500000
vt 0.218750 1.000000
vt 0.218750 0.500000
vt 0.187500 1.000000
vt 0.187500 0.500000
vt 0.156250 1.000000
vt 0.156250 0.500000
vt 0.125000 1.000000
vt 0.125000 0.500000
vt 0.093750 1.000000
vt 0.093750 0.500000
vt 0.062500 1.000000
vt 0.062500 0.500000
vt 0.296822 0.485388
vt 0.250000 0.490000
vt 0.203179 0.485389
vt 0.158156 0.471731
vt 0.116663 0.449553
vt 0.080295 0.419706
vt 0.050447 0.383337
vt 0.028269 0.341844
vt 0.014612 0.296822
vt 0.010000 0.250000
vt 0.014611 0.203179
vt 0.028269 0.158156
vt 0.050447 0.116663
vt 0.080294 0.080294
vt 0.116663 0.050447
vt 0.158156 0.028269
vt 0.203178 0.014612
vt 0.250000 0.010000
vt 0.296822 0.014612
vt 0.341844 0.028269
vt 0.383337 0.050447
vt 0.419706 0.080294
vt 0.449553 0.116663
vt 0.471731 0.158156
vt 0.485388 0.203178
vt 0.490000 0.250000
vt 0.485388 0.296822
vt 0.471731 0.341844
vt 0.449553 0.383337
vt 0.419706 0.419706
vt 0.383337 0.449553
vt 0.341844 0.471731
vt 0.031250 1.000000
vt 0.031250 0.500000
vt 0.000000 1.000000
vt 0.000000 0.500000
vt 0.750000 0.490000
vt 0.796822 0.485388
vt 0.841844 0.471731
vt 0.883337 0.449553
vt 0.919706 0.419706
vt 0.949553 0.383337
vt 0.971731 0.341844
vt 0.985388 0.296822
vt 0.990000 0.250000
vt 0.985388 0.203178
vt 0.971731 0.158156
vt 0.949553 0.116663
vt 0.919706 0.080294
vt 0.883337 0.050447
vt 0.841844 0.028269
vt 0.796822 0.014612
vt 0.750000 0.010000
vt 0.703178 0.014612
vt 0.658156 0.028269
vt 0.616663 0.050447
vt 0.580294 0.080294
vt 0.550447 0.116663
vt 0.528269 0.158156
vt 0.514611 0.203179
vt 0.510000 0.250000
vt 0.514612 0.296822
vt 0.528269 0.341844
vt 0.550447 0.383337
vt 0.580295 0.419706
vt 0.616663 0.449553
vt 0.658156 0.471731
vt 0.703179 0.485389
vt 0.375000 0.000000
vt 0.625000 0.000000
vt 0.625000 0.250000
vt 0.375000 0.250000
vt 0.625000 0.500000
vt 0.375000 0.500000
vt 0.625000 0.750000
vt 0.375000 0.750000
vt 0.375000 0.000000
vt 0.625000 0.000000
vt 0.125000 0.500000
vt 0.125000 0.750000
vt 0.875000 0.500000
vt 0.875000 0.750000
vt 0.125000 0.750000
vt 0.375000 0.750000
vt 0.375000 0.750000
vt 0.125000 0.750000
vt 0.875000 0.750000
vt 0.625000 0.750000
vt 0.625000 0.750000
vt 0.625000 1.000000
vt 0.375000 1.000000
vt 0.375000 0.000000
vt 0.625000 0.000000
vt 0.875000 0.750000
vt 0.578773 0.218868
vt 0.578773 0.468868
vt 0.828773 0.468868
vt 0.828773 0.218868
vt 0.578773 0.718868
vt 0.828773 0.718868
vt 0.578773 0.968868
vt 0.828773 0.968868
vt 0.828773 0.218868
vt 0.578773 0.218868
vt 0.328773 0.718868
vt 0.328773 0.968868
vt 1.078773 0.968868
vt 1.078773 0.718868
vt 0.328773 0.968868
vt 0.328773 0.968868
vt 0.578773 0.968868
vt 0.578773 0.968868
vt 0.828773 0.968868
vt 1.078773 0.968868
vt 0.578773 1.218868
vt 0.828773 1.218868
vt 0.828774 0.968868
vt 0.828773 0.218868
vt 0.578773 0.218868
vt 1.078773 0.968868
vn 0.6857 -0.0000 -0.7279
vn -0.6857 -0.0000 -0.7279
vn -0.6857 0.1420 -0.7139
vn 0.6857 0.1420 -0.7139
vn -0.6857 0.2785 -0.6725
vn 0.6857 0.2785 -0.6725
vn -0.6857 0.4044 -0.6052
vn 0.6857 0.4044 -0.6052
vn -0.6857 0.5147 -0.5147
vn 0.6857 0.5147 -0.5147
vn -0.6857 0.6052 -0.4044
vn 0.6857 0.6052 -0.4044
vn -0.6857 0.6725 -0.2786
vn 0.6857 0.6725 -0.2786
vn -0.6857 0.7139 -0.1420
vn 0.6857 0.7139 -0.1420
vn -0.6857 0.7279 0.0000
vn 0.6857 0.7279 0.0000
vn -0.6857 0.7139 0.1420
vn 0.6857 0.7139 0.1420
vn -0.6857 0.6725 0.2786
vn 0.6857 0.6725 0.2786
vn -0.6857 0.6052 0.4044
vn 0.6857 0.6052 0.4044
vn -0.6857 0.5147 0.5147
vn 0.6857 0.5147 0.5147
vn -0.6857 0.4044 0.6052
vn 0.6857 0.4044 0.6052
vn -0.6857 0.2786 0.6725
vn 0.6857 0.2786 0.6725
vn -0.6857 0.1420 0.7139
vn 0.6857 0.1420 0.7139
vn -0.6857 -0.0000 0.7279
vn 0.6857 -0.0000 0.7279
vn -0.6857 -0.1420 0.7139
vn 0.6857 -0.1420 0.7139
vn -0.6857 -0.2786 0.6725
vn 0.6857 -0.2786 0.6725
vn -0.6857 -0.4044 0.6052
vn 0.6857 -0.4044 0.6052
vn -0.6857 -0.5147 0.5147
vn 0.6857 -0.5147 0.5147
vn -0.6857 -0.6052 0.4044
vn 0.6857 -0.6052 0.4044
vn -0.6857 -0.6725 0.2786
vn 0.6857 -0.6725 0.2786
vn -0.6857 -0.7139 0.1420
vn 0.6857 -0.7139 0.1420
vn -0.6857 -0.7279 0.0000
vn 0.6857 -0.7279 0.0000
vn -0.6857 -0.7139 -0.1420
vn 0.6857 -0.7139 -0.1420
vn -0.6857 -0.6725 -0.2786
vn 0.6857 -0.6725 -0.2786
vn -0.6857 -0.6052 -0.4044
vn 0.6857 -0.6052 -0.4044
vn -0.6857 -0.5147 -0.5147
vn 0.6857 -0.5147 -0.5147
vn -0.6857 -0.4044 -0.6052
vn 0.6857 -0.4044 -0.6052
vn -0.6857 -0.2786 -0.6725
vn 0.6857 -0.2786 -0.6725
vn -0.6857 -0.1420 -0.7139
vn 0.6857 -0.1420 -0.7139
vn -1.0000 0.0000 -0.0000
vn 0.0000 0.0000 -1.0000
vn 1.0000 0.0000 0.0000
vn 0.0000 -1.0000 0.0000
vn 0.0000 1.0000 0.0000
vn 0.0000 -0.8192 0.5736
vn 0.0000 -0.9537 0.3007
vn 0.0000 0.5736 0.8192
vn 0.0000 0.8192 -0.5736
usemtl M_TableTops
s 1
f 121/109/13 122/110/14 124/111/15 123/112/16
f 123/112/16 124/111/15 126/113/17 125/114/18
f 125/114/18 126/113/17 128/115/19 127/116/20
f 127/116/20 128/115/19 130/117/21 129/118/22
f 129/118/22 130/117/21 132/119/23 131/120/24
f 131/120/24 132/119/23 134/121/25 133/122/26
f 133/122/26 134/121/25 136/123/27 135/124/28
f 135/124/28 136/123/27 138/125/29 137/126/30
f 137/126/30 138/125/29 140/127/31 139/128/32
f 139/128/32 140/127/31 142/129/33 141/130/34
f 141/130/34 142/129/33 144/131/35 143/132/36
f 143/132/36 144/131/35 146/133/37 145/134/38
f 145/134/38 146/133/37 148/135/39 147/136/40
f 147/136/40 148/135/39 150/137/41 149/138/42
f 149/138/42 150/137/41 152/139/43 151/140/44
f 151/140/44 152/139/43 154/141/45 153/142/46
f 153/142/46 154/141/45 156/143/47 155/144/48
f 155/144/48 156/143/47 158/145/49 157/146/50
f 157/146/50 158/145/49 160/147/51 159/148/52
f 159/148/52 160/147/51 162/149/53 161/150/54
f 161/150/54 162/149/53 164/151/55 163/152/56
f 163/152/56 164/151/55 166/153/57 165/154/58
f 165/154/58 166/153/57 168/155/59 167/156/60
f 167/156/60 168/155/59 170/157/61 169/158/62
f 169/158/62 170/157/61 172/159/63 171/160/64
f 171/160/64 172/159/63 174/161/65 173/162/66
f 173/162/66 174/161/65 176/163/67 175/164/68
f 175/164/68 176/163/67 178/165/69 177/166/70
f 177/166/70 178/165/69 180/167/71 179/168/72
f 179/168/72 180/167/71 182/169/73 181/170/74
f 124/171/15 122/172/14 184/173/75 182/174/73 180/175/71 178/176/69 176/177/67 174/178/65 172/179/63 170/180/61 168/181/59 166/182/57 164/183/55 162/184/53 160/185/51 158/186/49 156/187/47 154/188/45 152/189/43 150/190/41 148/191/39 146/192/37 144/193/35 142/194/33 140/195/31 138/196/29 136/197/27 134/198/25 132/199/23 130/200/21 128/201/19 126/202/17
f 181/170/74 182/169/73 184/203/75 183/204/76
f 183/204/76 184/203/75 122/205/14 121/206/13
f 121/207/13 123/208/16 125/209/18 127/210/20 129/211/22 131/212/24 133/213/26 135/214/28 137/215/30 139/216/32 141/217/34 143/218/36 145/219/38 147/220/40 149/221/42 151/222/44 153/223/46 155/224/48 157/225/50 159/226/52 161/227/54 163/228/56 165/229/58 167/230/60 169/231/62 171/232/64 173/233/66 175/234/68 177/235/70 179/236/72 181/237/74 183/238/76
usemtl M_ServiceTableHands
f 89/239/77 90/240/77 92/241/77 91/242/77
f 91/242/78 92/241/78 96/243/78 95/244/78
f 95/244/79 96/243/79 94/245/79 93/246/79
f 90/240/77 89/239/77 97/247/77 98/248/77
f 91/249/80 95/244/80 93/246/80 89/250/80
f 96/243/81 92/251/81 90/252/81 94/245/81
f 97/253/82 100/254/82 104/255/82 101/256/82
f 89/250/83 93/246/83 100/254/83 97/253/83
f 94/245/78 90/252/78 98/257/78 99/258/78
f 93/246/79 94/245/79 99/258/79 100/254/79
f 104/255/84 103/259/84 102/260/84 101/261/84
f 98/248/77 97/247/77 101/262/77 102/263/77
f 99/258/85 98/257/85 102/264/85 103/259/85
f 100/254/79 99/258/79 103/259/79 104/255/79
f 105/265/79 107/266/79 108/267/79 106/268/79
f 107/266/78 111/269/78 112/270/78 108/267/78
f 111/269/77 109/271/77 110/272/77 112/270/77
f 106/268/79 114/273/79 113/274/79 105/265/79
f 107/275/80 105/276/80 109/271/80 111/269/80
f 112/270/81 110/272/81 106/277/81 108/278/81
f 113/279/82 117/280/82 120/281/82 116/282/82
f 105/276/83 113/279/83 116/282/83 109/271/83
f 110/272/78 115/283/78 114/284/78 106/277/78
f 109/271/77 116/282/77 115/283/77 110/272/77
f 120/281/84 117/285/84 118/286/84 119/287/84
f 114/273/79 118/288/79 117/289/79 113/274/79
f 115/283/85 119/287/85 118/290/85 114/284/85
f 116/282/77 120/281/77 119/287/77 115/283/77
o Brass_Wheels.001_Bolt.001
v 0.354450 0.043989 0.738680
v 0.353630 0.043598 0.737391
v 0.354480 0.041237 0.738052
v 0.351249 0.041260 0.737599
v 0.354428 0.042026 0.736376
v 0.353750 0.040627 0.735483
v 0.354490 0.038440 0.737958
v 0.351148 0.037355 0.738563
v 0.351824 0.038736 0.736792
v 0.354243 0.037993 0.735875
v 0.353857 0.036468 0.736853
v 0.354149 0.035352 0.738522
v 0.354494 0.037179 0.740468
v 0.351279 0.036814 0.740614
v 0.354219 0.035129 0.740989
v 0.351275 0.037680 0.742376
v 0.353908 0.035613 0.742464
v 0.354478 0.037625 0.744105
v 0.354490 0.038335 0.742298
v 0.353789 0.036859 0.743948
v 0.353343 0.039284 0.744903
v 0.354381 0.040192 0.744710
v 0.354482 0.039974 0.742746
v 0.351218 0.041054 0.742893
v 0.354188 0.042053 0.744348
v 0.351881 0.043120 0.741555
v 0.353784 0.043802 0.742781
v 0.351252 0.042668 0.739400
v 0.354482 0.042346 0.740144
v 0.354106 0.044535 0.740547
v 0.354512 0.041782 0.741809
v 0.355181 0.040348 0.742591
v 0.354976 0.037680 0.741987
v 0.355096 0.037422 0.739198
v 0.355190 0.039275 0.737678
v 0.355211 0.040628 0.737908
v 0.355245 0.042019 0.738900
v 0.354980 0.041939 0.738972
v 0.355090 0.041959 0.741483
v 0.355245 0.038965 0.742485
v 0.355201 0.038034 0.741705
v 0.384084 0.036698 0.739649
v 0.381644 0.035016 0.740545
v 0.380894 0.035436 0.739146
v 0.381759 0.035688 0.737873
v 0.380868 0.037187 0.739670
v 0.380943 0.037424 0.736167
v 0.383352 0.038201 0.736875
v 0.381552 0.037749 0.735868
v 0.380861 0.039327 0.737635
v 0.384192 0.040550 0.737373
v 0.381447 0.040496 0.735525
v 0.380892 0.042927 0.736892
v 0.381903 0.042422 0.736348
v 0.380853 0.042167 0.739289
v 0.381544 0.044265 0.738691
v 0.384045 0.042872 0.739623
v 0.381656 0.044378 0.741376
v 0.380839 0.044099 0.741264
v 0.384114 0.041492 0.742728
v 0.380853 0.041981 0.741492
v 0.380936 0.042983 0.743429
v 0.381659 0.042126 0.744392
v 0.380861 0.039855 0.742826
v 0.380983 0.039296 0.744747
v 0.382155 0.037825 0.744500
v 0.384115 0.037885 0.742559
v 0.381089 0.036100 0.743145
v 0.380239 0.038135 0.742102
v 0.380158 0.039331 0.742578
v 0.380080 0.040934 0.742282
v 0.380004 0.041967 0.741049
v 0.380221 0.041736 0.738545
v 0.380010 0.037313 0.739547
v 0.379943 0.042068 0.739800
v 0.380005 0.041487 0.738782
v 0.380116 0.039174 0.737553
v 0.379970 0.037480 0.741039
v 0.379923 0.038159 0.742102
v 0.358899 0.055962 0.723241
v 0.358920 0.062851 0.744136
v 0.358885 0.026709 0.759704
v 0.358922 0.018066 0.748622
v 0.358919 0.024120 0.722762
v 0.358945 0.035339 0.717249
v 0.366892 0.051417 0.718425
v 0.367736 0.028658 0.718119
v 0.359073 0.045628 0.718102
v 0.359322 0.050550 0.720749
v 0.359306 0.057191 0.726383
v 0.359044 0.061382 0.732943
v 0.359294 0.061909 0.742354
v 0.359056 0.057980 0.753903
v 0.359056 0.051332 0.759811
v 0.359142 0.043898 0.762378
v 0.358998 0.037787 0.763202
v 0.359314 0.025507 0.757092
v 0.359322 0.020098 0.750305
v 0.359069 0.017051 0.738001
v 0.359191 0.019138 0.731114
v 0.359294 0.026019 0.722781
v 0.359322 0.033688 0.718833
v 0.366514 0.059541 0.750255
v 0.366511 0.038021 0.762247
v 0.366512 0.027859 0.759028
v 0.366509 0.039252 0.717807
v 0.367384 0.042831 0.734881
v 0.367385 0.045684 0.739732
v 0.367386 0.043636 0.744813
v 0.367384 0.036532 0.745393
v 0.367383 0.033919 0.739566
v 0.367384 0.036637 0.735083
v 0.357550 0.043518 0.737503
v 0.357551 0.044125 0.741456
v 0.357545 0.040126 0.744951
v 0.357548 0.035210 0.741060
v 0.357545 0.038263 0.735585
v 0.357551 0.040690 0.738825
v 0.357551 0.041367 0.739992
v 0.357551 0.041096 0.741007
v 0.357551 0.040262 0.741646
v 0.357551 0.039214 0.741578
v 0.357551 0.038518 0.741007
v 0.357551 0.038247 0.739992
v 0.357551 0.038813 0.738934
v 0.357551 0.039656 0.738615
v 0.366717 0.037562 0.715614
v 0.366709 0.055529 0.759070
v 0.367682 0.042257 0.764670
v 0.367704 0.020669 0.755711
v 0.366892 0.016239 0.732996
v 0.367337 0.020930 0.724207
v 0.376199 0.047230 0.718305
v 0.376269 0.055393 0.722578
v 0.376152 0.061975 0.734072
v 0.376281 0.059569 0.752651
v 0.376264 0.041216 0.763590
v 0.376294 0.029199 0.760783
v 0.376261 0.020711 0.753581
v 0.376302 0.027260 0.720414
v 0.367601 0.035000 0.764312
v 0.367601 0.058943 0.724441
v 0.376292 0.037520 0.716929
v 0.367988 0.027778 0.761709
v 0.367458 0.063499 0.733119
v 0.367495 0.064420 0.742121
v 0.368066 0.016062 0.746869
v 0.376261 0.062817 0.743454
v 0.367289 0.062538 0.749561
v 0.367462 0.015183 0.739984
v 0.368218 0.059220 0.755457
v 0.376308 0.016297 0.739567
v 0.376297 0.019075 0.729388
v 0.376300 0.051346 0.760371
v 0.367289 0.049223 0.762877
v 0.367428 0.044763 0.716058
v 0.375914 0.040316 0.717807
v 0.375893 0.058689 0.728198
v 0.375893 0.060231 0.749208
v 0.375895 0.053570 0.757530
v 0.375890 0.045374 0.761576
v 0.375907 0.037661 0.762255
v 0.375879 0.029671 0.759867
v 0.375895 0.022423 0.753909
v 0.375914 0.017798 0.744005
v 0.375888 0.018678 0.733419
v 0.375887 0.022446 0.726322
v 0.375895 0.029699 0.720411
v 0.377652 0.041977 0.736085
v 0.377651 0.044361 0.740010
v 0.377653 0.042003 0.744254
v 0.377651 0.037164 0.743856
v 0.377651 0.035273 0.740146
v 0.377651 0.037263 0.736338
v 0.377650 0.039656 0.738615
v 0.377650 0.040690 0.738825
v 0.377650 0.041367 0.739992
v 0.377650 0.041096 0.741007
v 0.377650 0.040262 0.741646
v 0.377650 0.039214 0.741578
v 0.377650 0.038518 0.741007
v 0.377650 0.038247 0.739992
v 0.377650 0.038813 0.738934
v 0.366512 0.058072 0.727273
v 0.366512 0.062145 0.739590
v 0.366516 0.019381 0.749206
v 0.366513 0.017706 0.738358
v 0.366508 0.051011 0.759760
v 0.366514 0.020926 0.728195
v 0.366511 0.049915 0.720411
v 0.366513 0.029015 0.720776
v 0.367815 0.035604 0.744350
v 0.367816 0.045424 0.741850
v 0.367816 0.033917 0.739154
v 0.367820 0.041580 0.745990
v 0.367817 0.036451 0.735381
v 0.367817 0.044870 0.736976
v 0.367818 0.040387 0.734258
v 0.368690 0.039626 0.717791
v 0.368690 0.056875 0.725980
v 0.368690 0.025831 0.757370
v 0.368692 0.060997 0.733589
v 0.368690 0.020303 0.750710
v 0.368688 0.061893 0.742197
v 0.368690 0.017745 0.742442
v 0.368692 0.059427 0.750493
v 0.368691 0.018949 0.732205
v 0.368690 0.053973 0.757213
v 0.368688 0.047127 0.761042
v 0.368690 0.027237 0.721659
v 0.368688 0.050154 0.720526
v 0.368680 0.036451 0.762141
v 0.362962 0.085678 0.688782
v 0.361595 0.085678 0.683981
v 0.368213 0.085678 0.678913
v 0.365482 0.084782 0.690952
v 0.361635 0.084782 0.686533
v 0.362875 0.084782 0.681271
v 0.357423 0.084782 0.693657
v 0.354508 0.084782 0.693662
v 0.365479 0.083240 0.675255
v 0.357435 0.083240 0.680018
v 0.357496 0.043592 0.749944
v 0.354576 0.081948 0.708205
v 0.354581 0.071787 0.727520
v 0.354465 0.046679 0.722190
v 0.357453 0.046789 0.722152
v 0.357440 0.058622 0.700715
v 0.357496 0.060700 0.739487
v 0.357565 0.073088 0.725461
v 0.357512 0.081766 0.708708
v 0.363951 0.059143 0.675461
v 0.357489 0.083129 0.693565
v 0.364095 0.084782 0.672707
v 0.362832 0.083240 0.676051
v 0.357496 0.035101 0.730929
v 0.354493 0.055633 0.708107
v 0.354501 0.039183 0.728993
v 0.354502 0.043670 0.749944
v 0.354501 0.031352 0.733305
v 0.357496 0.035801 0.749889
v 0.354502 0.029626 0.743160
v 0.354502 0.032050 0.747248
v 0.354502 0.035954 0.749953
v 0.357496 0.029581 0.742992
v 0.357496 0.032047 0.747233
v 0.365479 0.083240 0.679161
v 0.365479 0.083240 0.683067
v 0.357435 0.059172 0.680112
v 0.357496 0.030095 0.735173
v 0.354508 0.084782 0.679929
v 0.354506 0.059026 0.697511
v 0.354497 0.060763 0.739429
v 0.354502 0.029473 0.738153
v 0.362880 0.059144 0.673098
v 0.363692 0.085678 0.680291
v 0.354520 0.059131 0.679975
v 0.367622 0.085678 0.691082
v 0.371801 0.085678 0.689246
v 0.373678 0.085678 0.685373
v 0.372179 0.085678 0.681012
v 0.366454 0.084782 0.679023
v 0.371424 0.084782 0.689645
v 0.373644 0.084782 0.685713
v 0.371425 0.084782 0.672858
v 0.369764 0.083240 0.675255
v 0.372406 0.083240 0.676050
v 0.377810 0.083240 0.680019
v 0.380666 0.071150 0.728328
v 0.380738 0.059016 0.697577
v 0.380779 0.047658 0.720977
v 0.377680 0.073511 0.724781
v 0.377728 0.060699 0.739486
v 0.377811 0.083011 0.693613
v 0.377810 0.059156 0.680061
v 0.367622 0.083240 0.675249
v 0.370679 0.059142 0.672507
v 0.376757 0.059135 0.676333
v 0.377728 0.081764 0.708712
v 0.377815 0.058675 0.700082
v 0.377795 0.052169 0.714529
v 0.380667 0.081947 0.708209
v 0.380760 0.054975 0.709385
v 0.380723 0.060751 0.739437
v 0.380742 0.029473 0.738153
v 0.377748 0.029476 0.738149
v 0.369764 0.083240 0.679161
v 0.369764 0.083240 0.683067
v 0.369962 0.083240 0.693657
v 0.371694 0.084782 0.680257
v 0.380734 0.084782 0.679928
v 0.377820 0.084782 0.693657
v 0.377748 0.031483 0.733158
v 0.377760 0.042065 0.727039
v 0.377748 0.043591 0.749944
v 0.377748 0.035801 0.749890
v 0.377748 0.032047 0.747233
v 0.377748 0.029581 0.742992
v 0.380743 0.039183 0.728993
v 0.380737 0.059132 0.680042
v 0.380742 0.031353 0.733305
v 0.380735 0.084782 0.693666
v 0.380742 0.043669 0.749945
v 0.380742 0.035955 0.749954
v 0.380742 0.032050 0.747248
v 0.380742 0.029626 0.743159
v 0.371233 0.059143 0.675416
v -0.386360 0.044515 0.739397
v -0.385558 0.044080 0.738749
v -0.385448 0.041094 0.737929
v -0.385457 0.041932 0.736265
v -0.388638 0.041405 0.737629
v -0.386305 0.042544 0.736348
v -0.386176 0.039847 0.735481
v -0.388759 0.038299 0.737590
v -0.385554 0.038177 0.735945
v -0.385439 0.038364 0.738103
v -0.386102 0.036635 0.736590
v -0.386302 0.035193 0.739028
v -0.385435 0.037143 0.740264
v -0.388678 0.036785 0.740164
v -0.385439 0.035694 0.738573
v -0.385596 0.035292 0.741090
v -0.386806 0.035713 0.742387
v -0.385484 0.036727 0.743580
v -0.385439 0.038335 0.742298
v -0.388728 0.039205 0.743133
v -0.386225 0.037795 0.744546
v -0.388168 0.041124 0.743525
v -0.385852 0.040388 0.744932
v -0.385447 0.039974 0.742746
v -0.385746 0.042496 0.744053
v -0.388717 0.042739 0.740709
v -0.385824 0.043997 0.742393
v -0.385447 0.042346 0.740144
v -0.385413 0.041781 0.741809
v -0.384748 0.040348 0.742591
v -0.384921 0.038188 0.741526
v -0.384878 0.037260 0.740300
v -0.384777 0.038293 0.738004
v -0.384699 0.040642 0.737842
v -0.384684 0.042019 0.738900
v -0.384948 0.041939 0.738972
v -0.384838 0.041959 0.741483
v -0.384684 0.038965 0.742485
v -0.358388 0.035148 0.739182
v -0.359114 0.035418 0.741257
v -0.359061 0.037187 0.739670
v -0.358281 0.036358 0.736880
v -0.355905 0.038615 0.737322
v -0.359028 0.036458 0.737250
v -0.359067 0.039112 0.737713
v -0.358731 0.038791 0.735554
v -0.355738 0.041056 0.737626
v -0.358434 0.041368 0.735730
v -0.359079 0.041769 0.738616
v -0.358762 0.043196 0.736906
v -0.359085 0.044133 0.739103
v -0.355882 0.042567 0.738994
v -0.358283 0.044546 0.739883
v -0.359077 0.042240 0.741114
v -0.355824 0.042305 0.741632
v -0.358975 0.043214 0.743207
v -0.358274 0.043910 0.742463
v -0.359038 0.039776 0.744752
v -0.357725 0.042145 0.744170
v -0.359067 0.039855 0.742826
v -0.358397 0.040561 0.744866
v -0.355808 0.039004 0.743079
v -0.358173 0.038111 0.744597
v -0.355820 0.037328 0.741884
v -0.358534 0.036473 0.743614
v -0.359690 0.038135 0.742102
v -0.358105 0.035229 0.741462
v -0.355859 0.036692 0.739649
v -0.359770 0.039331 0.742578
v -0.359849 0.040933 0.742282
v -0.359925 0.041967 0.741049
v -0.359707 0.041736 0.738545
v -0.359919 0.037313 0.739547
v -0.359986 0.042068 0.739800
v -0.359923 0.041487 0.738782
v -0.359812 0.039175 0.737555
v -0.359959 0.037480 0.741039
v -0.360006 0.038159 0.742102
v -0.380982 0.058976 0.726739
v -0.381037 0.062937 0.737868
v -0.381029 0.062075 0.747193
v -0.380995 0.057965 0.754603
v -0.381011 0.051322 0.760374
v -0.381033 0.040997 0.763556
v -0.381037 0.027284 0.760011
v -0.380894 0.016913 0.741968
v -0.381023 0.017244 0.734199
v -0.381028 0.021220 0.726129
v -0.380982 0.039309 0.716758
v -0.372328 0.055475 0.721054
v -0.372471 0.028293 0.718280
v -0.380634 0.042336 0.718117
v -0.380880 0.049821 0.719736
v -0.380634 0.057172 0.726358
v -0.380593 0.061811 0.736257
v -0.380623 0.060909 0.746953
v -0.380620 0.055209 0.756334
v -0.380620 0.043619 0.762163
v -0.380620 0.030745 0.760570
v -0.380623 0.022423 0.753909
v -0.380831 0.019185 0.750022
v -0.380607 0.020410 0.729403
v -0.380872 0.028282 0.720481
v -0.380623 0.033744 0.718818
v -0.373415 0.059541 0.750255
v -0.373417 0.038021 0.762247
v -0.373417 0.027859 0.759028
v -0.373417 0.023618 0.724743
v -0.372545 0.043416 0.735489
v -0.372546 0.045695 0.739566
v -0.372545 0.043081 0.745394
v -0.372544 0.036886 0.745262
v -0.372544 0.033750 0.740555
v -0.372542 0.037456 0.734468
v -0.382379 0.042351 0.736338
v -0.382380 0.044404 0.741060
v -0.382378 0.041232 0.744408
v -0.382380 0.036852 0.743747
v -0.382378 0.035352 0.739707
v -0.382380 0.037499 0.736131
v -0.382377 0.040690 0.738825
v -0.382377 0.041367 0.739992
v -0.382377 0.041096 0.741007
v -0.382377 0.040262 0.741646
v -0.382377 0.039214 0.741578
v -0.382377 0.038518 0.741007
v -0.382377 0.038247 0.739992
v -0.382377 0.038813 0.738934
v -0.382377 0.039656 0.738615
v -0.372589 0.063613 0.733550
v -0.373387 0.058806 0.755788
v -0.372177 0.047089 0.763697
v -0.363674 0.040305 0.716758
v -0.363777 0.050795 0.720267
v -0.363804 0.057178 0.725594
v -0.363635 0.062944 0.742390
v -0.363770 0.054551 0.757652
v -0.363638 0.047128 0.762266
v -0.363647 0.034676 0.762963
v -0.363812 0.024509 0.757134
v -0.363627 0.018412 0.749581
v -0.363635 0.016670 0.737901
v -0.363654 0.019488 0.728929
v -0.363657 0.027188 0.720452
v -0.372328 0.037380 0.764782
v -0.372192 0.037526 0.715510
v -0.372067 0.027637 0.761642
v -0.372328 0.060295 0.726457
v -0.363718 0.061247 0.732040
v -0.372328 0.020715 0.755813
v -0.372328 0.064382 0.740146
v -0.372328 0.017042 0.749575
v -0.371250 0.063445 0.746977
v -0.372328 0.015172 0.742272
v -0.363726 0.058508 0.754336
v -0.372015 0.016325 0.732594
v -0.371535 0.053418 0.760516
v -0.372056 0.020931 0.724160
v -0.372328 0.047270 0.716572
v -0.364010 0.038171 0.717618
v -0.364036 0.061607 0.745049
v -0.364061 0.048407 0.760704
v -0.364022 0.037661 0.762255
v -0.364049 0.029671 0.759867
v -0.364015 0.017798 0.744005
v -0.364063 0.019351 0.731154
v -0.364033 0.026044 0.722762
v -0.371239 0.056875 0.725980
v -0.371244 0.034283 0.761587
v -0.372109 0.034261 0.742443
v -0.362274 0.038880 0.735488
v -0.362278 0.043577 0.737627
v -0.362276 0.043915 0.742342
v -0.362273 0.038263 0.744707
v -0.362277 0.035225 0.739694
v -0.362279 0.039958 0.738615
v -0.362279 0.040801 0.738934
v -0.362279 0.041367 0.739992
v -0.362279 0.041096 0.741007
v -0.362279 0.040400 0.741578
v -0.362279 0.039352 0.741646
v -0.362279 0.038518 0.741007
v -0.362279 0.038247 0.739992
v -0.362279 0.038924 0.738825
v -0.373417 0.032999 0.719044
v -0.373417 0.043620 0.718128
v -0.373417 0.062145 0.739590
v -0.373413 0.019381 0.749206
v -0.373420 0.017789 0.736332
v -0.373421 0.051011 0.759760
v -0.373416 0.056857 0.725330
v -0.372113 0.043110 0.745088
v -0.372114 0.035140 0.736316
v -0.372111 0.041995 0.734360
v -0.372112 0.038254 0.745829
v -0.372110 0.045810 0.740145
v -0.371242 0.039627 0.717791
v -0.371239 0.025831 0.757370
v -0.371237 0.060997 0.733589
v -0.371239 0.020303 0.750710
v -0.371241 0.061893 0.742197
v -0.371239 0.017745 0.742442
v -0.371237 0.059427 0.750493
v -0.371237 0.018546 0.733825
v -0.371239 0.053973 0.757213
v -0.371239 0.022583 0.726170
v -0.371239 0.044345 0.762035
v -0.371239 0.050155 0.720526
v -0.371239 0.029242 0.720642
v -0.376307 0.085678 0.689674
v -0.378334 0.085678 0.683982
v -0.371288 0.085678 0.678862
v -0.374447 0.084782 0.690952
v -0.378294 0.084782 0.686533
v -0.377054 0.084782 0.681271
v -0.382505 0.084782 0.693657
v -0.385420 0.084782 0.693662
v -0.374449 0.083240 0.675255
v -0.382495 0.083240 0.680019
v -0.382433 0.043592 0.749944
v -0.385353 0.081948 0.708205
v -0.385348 0.071787 0.727520
v -0.385464 0.046679 0.722190
v -0.382476 0.046789 0.722152
v -0.382488 0.058622 0.700715
v -0.382440 0.060698 0.739488
v -0.382359 0.073089 0.725461
v -0.382417 0.081766 0.708708
v -0.382488 0.059172 0.680109
v -0.375977 0.059143 0.675461
v -0.382437 0.083175 0.693560
v -0.375602 0.084782 0.672601
v -0.377097 0.083240 0.676051
v -0.382433 0.035101 0.730929
v -0.385435 0.055633 0.708107
v -0.385428 0.039183 0.728993
v -0.385427 0.043670 0.749944
v -0.385427 0.031352 0.733305
v -0.382433 0.035801 0.749889
v -0.385427 0.029626 0.743160
v -0.385427 0.032050 0.747248
v -0.385427 0.035954 0.749953
v -0.382433 0.029581 0.742992
v -0.382433 0.032047 0.747233
v -0.374449 0.083240 0.679161
v -0.374449 0.083240 0.683067
v -0.382433 0.030095 0.735173
v -0.385420 0.084782 0.679929
v -0.385423 0.059026 0.697511
v -0.385432 0.060763 0.739429
v -0.385427 0.029473 0.738153
v -0.375971 0.059142 0.672828
v -0.381193 0.059139 0.676147
v -0.376346 0.085678 0.680428
v -0.385421 0.059132 0.680042
v -0.369294 0.085678 0.690500
v -0.366128 0.085678 0.683484
v -0.373475 0.084782 0.679023
v -0.368505 0.084782 0.689645
v -0.366284 0.084782 0.685713
v -0.368853 0.084782 0.672770
v -0.362119 0.083167 0.693633
v -0.370164 0.083240 0.675255
v -0.367592 0.083240 0.676016
v -0.362119 0.083240 0.680019
v -0.359262 0.071150 0.728328
v -0.359192 0.059016 0.697577
v -0.359149 0.047658 0.720977
v -0.362249 0.073511 0.724780
v -0.362203 0.060700 0.739486
v -0.359192 0.059132 0.680042
v -0.362118 0.059156 0.680061
v -0.368688 0.059143 0.675406
v -0.372307 0.083240 0.675249
v -0.368888 0.059142 0.672608
v -0.363180 0.059137 0.676327
v -0.362200 0.081764 0.708712
v -0.362114 0.058675 0.700082
v -0.362134 0.052169 0.714529
v -0.359261 0.081947 0.708209
v -0.359168 0.054975 0.709386
v -0.359206 0.060751 0.739437
v -0.359187 0.029473 0.738153
v -0.362181 0.029476 0.738149
v -0.370164 0.083240 0.679161
v -0.370164 0.083240 0.683067
v -0.371788 0.083240 0.693657
v -0.368234 0.084782 0.680258
v -0.359195 0.084782 0.679927
v -0.362109 0.084782 0.693657
v -0.362181 0.031483 0.733158
v -0.362169 0.042065 0.727039
v -0.362181 0.043591 0.749944
v -0.362181 0.035801 0.749890
v -0.362181 0.032047 0.747233
v -0.362181 0.029581 0.742992
v -0.359186 0.039183 0.728993
v -0.359187 0.031353 0.733305
v -0.359193 0.084782 0.693666
v -0.359187 0.043669 0.749945
v -0.359187 0.035955 0.749954
v -0.359187 0.032050 0.747248
v -0.359187 0.029626 0.743159
v 0.351140 0.042408 -0.629586
v 0.354194 0.044024 -0.630478
v 0.354480 0.041237 -0.630579
v 0.351297 0.040813 -0.631280
v 0.353834 0.042847 -0.632023
v 0.354095 0.041456 -0.632864
v 0.354145 0.039140 -0.633078
v 0.354488 0.038882 -0.630805
v 0.351242 0.038073 -0.630916
v 0.353610 0.037328 -0.632427
v 0.354445 0.036387 -0.631416
v 0.353729 0.035418 -0.630348
v 0.354494 0.037259 -0.628896
v 0.352042 0.036185 -0.629332
v 0.351251 0.037226 -0.626786
v 0.354173 0.035099 -0.627704
v 0.353567 0.036713 -0.624738
v 0.354417 0.036443 -0.625348
v 0.354531 0.039777 -0.625773
v 0.351171 0.040571 -0.625529
v 0.354105 0.039500 -0.623664
v 0.354263 0.041538 -0.624121
v 0.352917 0.042630 -0.624971
v 0.354372 0.043448 -0.625679
v 0.352844 0.044211 -0.627708
v 0.354113 0.044396 -0.627238
v 0.354482 0.042346 -0.628486
v 0.354959 0.037836 -0.626783
v 0.355057 0.037223 -0.628481
v 0.355151 0.038324 -0.630552
v 0.355245 0.042019 -0.629730
v 0.354980 0.041939 -0.629659
v 0.355079 0.041998 -0.627234
v 0.355169 0.040625 -0.626083
v 0.355245 0.038965 -0.626146
v 0.355201 0.038034 -0.626925
v 0.355230 0.040642 -0.630788
v 0.381222 0.035097 -0.627837
v 0.380953 0.035542 -0.629915
v 0.381756 0.035461 -0.630424
v 0.380952 0.037350 -0.632335
v 0.384131 0.039197 -0.631463
v 0.381678 0.038167 -0.632949
v 0.380860 0.039559 -0.630960
v 0.380912 0.040761 -0.632802
v 0.381693 0.041712 -0.632767
v 0.380848 0.042233 -0.629344
v 0.384186 0.042081 -0.630225
v 0.381182 0.043777 -0.630967
v 0.383306 0.043471 -0.628125
v 0.381128 0.044477 -0.628497
v 0.384119 0.041895 -0.626399
v 0.381533 0.044124 -0.626443
v 0.380854 0.041723 -0.626774
v 0.380860 0.042697 -0.625085
v 0.381626 0.041766 -0.624105
v 0.383314 0.040334 -0.624744
v 0.380770 0.039905 -0.625802
v 0.381199 0.039133 -0.623728
v 0.384079 0.037938 -0.625994
v 0.380907 0.036679 -0.625205
v 0.381675 0.036116 -0.625295
v 0.380840 0.037666 -0.626973
v 0.384110 0.036697 -0.628837
v 0.380862 0.037331 -0.629570
v 0.380158 0.039331 -0.626053
v 0.380221 0.041736 -0.630085
v 0.380013 0.037318 -0.629153
v 0.380217 0.038230 -0.626603
v 0.380027 0.041798 -0.627064
v 0.379943 0.042068 -0.628830
v 0.380005 0.041487 -0.629848
v 0.380122 0.039326 -0.631078
v 0.379971 0.037475 -0.627594
v 0.379923 0.038159 -0.626528
v 0.358932 0.058521 -0.614295
v 0.358935 0.043061 -0.605450
v 0.358919 0.024773 -0.610807
v 0.358919 0.016676 -0.630354
v 0.358919 0.019304 -0.639444
v 0.358913 0.025866 -0.647103
v 0.358892 0.033060 -0.650726
v 0.367601 0.042231 -0.603872
v 0.366523 0.051692 -0.650029
v 0.367466 0.032115 -0.651943
v 0.359087 0.043063 -0.651115
v 0.359067 0.051103 -0.648475
v 0.359022 0.057902 -0.642668
v 0.359060 0.062014 -0.634027
v 0.359069 0.062448 -0.625119
v 0.359306 0.056698 -0.614120
v 0.359019 0.050766 -0.608513
v 0.359336 0.039328 -0.606145
v 0.359049 0.032541 -0.606678
v 0.359170 0.020771 -0.616389
v 0.359086 0.017648 -0.622859
v 0.359288 0.019363 -0.637503
v 0.359314 0.025976 -0.645816
v 0.359319 0.035874 -0.650481
v 0.366512 0.060658 -0.620449
v 0.366512 0.033862 -0.606693
v 0.366512 0.021542 -0.615612
v 0.366516 0.017468 -0.627931
v 0.367384 0.044154 -0.632581
v 0.367386 0.045637 -0.627324
v 0.367383 0.043055 -0.623624
v 0.367386 0.038647 -0.622654
v 0.367385 0.034123 -0.630037
v 0.367382 0.038034 -0.634329
v 0.357548 0.043408 -0.631440
v 0.357546 0.043503 -0.625451
v 0.357549 0.037751 -0.624335
v 0.357547 0.035153 -0.629259
v 0.357550 0.038785 -0.632924
v 0.357551 0.040546 -0.629867
v 0.357551 0.041365 -0.628794
v 0.357551 0.041096 -0.627623
v 0.357551 0.040400 -0.627052
v 0.357551 0.039352 -0.626985
v 0.357551 0.038518 -0.627623
v 0.357551 0.038249 -0.628794
v 0.357551 0.039199 -0.629952
v 0.366717 0.064339 -0.626239
v 0.366710 0.032523 -0.604985
v 0.366322 0.016346 -0.635801
v 0.366892 0.020769 -0.644109
v 0.376294 0.061296 -0.638037
v 0.376282 0.046555 -0.606237
v 0.376315 0.037811 -0.605216
v 0.376233 0.024647 -0.611096
v 0.376302 0.018007 -0.620028
v 0.376096 0.030295 -0.649110
v 0.367195 0.058587 -0.644461
v 0.376283 0.038606 -0.651869
v 0.376221 0.031570 -0.607070
v 0.367465 0.042376 -0.653092
v 0.367136 0.024509 -0.609119
v 0.367601 0.063381 -0.635947
v 0.367601 0.017974 -0.616815
v 0.376312 0.063020 -0.626198
v 0.367145 0.015256 -0.625937
v 0.367601 0.061639 -0.616815
v 0.376302 0.016592 -0.631052
v 0.367569 0.055467 -0.609416
v 0.376200 0.019234 -0.639067
v 0.376294 0.054137 -0.610112
v 0.376301 0.021783 -0.643293
v 0.367428 0.049367 -0.605827
v 0.376296 0.052030 -0.648521
v 0.368636 0.026124 -0.648802
v 0.375879 0.041624 -0.650583
v 0.375895 0.050600 -0.647853
v 0.375914 0.058664 -0.640472
v 0.375880 0.061904 -0.630328
v 0.376139 0.060161 -0.618093
v 0.375923 0.056978 -0.614393
v 0.375867 0.048407 -0.607927
v 0.375895 0.037629 -0.606379
v 0.375845 0.017951 -0.624137
v 0.375923 0.018551 -0.634933
v 0.367819 0.045651 -0.626712
v 0.377651 0.040700 -0.632976
v 0.377650 0.043755 -0.630595
v 0.377654 0.043756 -0.625846
v 0.377652 0.038327 -0.624097
v 0.377650 0.035471 -0.627302
v 0.377652 0.036248 -0.631405
v 0.377650 0.039199 -0.629952
v 0.377650 0.040546 -0.629867
v 0.377650 0.041365 -0.628794
v 0.377650 0.041096 -0.627623
v 0.377650 0.040400 -0.627052
v 0.377650 0.039352 -0.626985
v 0.377650 0.038518 -0.627623
v 0.377650 0.038249 -0.628794
v 0.366511 0.032999 -0.649586
v 0.366508 0.061230 -0.635646
v 0.366512 0.043620 -0.650502
v 0.366512 0.051012 -0.608871
v 0.366508 0.021950 -0.642318
v 0.366514 0.053572 -0.645867
v 0.367384 0.034690 -0.625563
v 0.367817 0.034169 -0.631028
v 0.367815 0.040967 -0.622654
v 0.367816 0.044344 -0.632208
v 0.367816 0.039983 -0.634455
v 0.367819 0.035562 -0.624239
v 0.368692 0.029459 -0.608865
v 0.368690 0.059311 -0.639048
v 0.368690 0.022739 -0.614318
v 0.368692 0.061869 -0.630781
v 0.368688 0.018617 -0.621928
v 0.368689 0.061045 -0.622042
v 0.368693 0.017847 -0.632669
v 0.368689 0.056944 -0.614421
v 0.368693 0.050269 -0.608912
v 0.368688 0.022583 -0.642461
v 0.368691 0.039641 -0.650921
v 0.368685 0.039807 -0.606150
v 0.368689 0.052077 -0.647171
v 0.368692 0.029243 -0.647988
v 0.362961 0.085678 -0.679849
v 0.361595 0.085678 -0.684649
v 0.368212 0.085678 -0.689718
v 0.367029 0.084782 -0.677606
v 0.362539 0.084782 -0.680367
v 0.362086 0.084782 -0.686340
v 0.357423 0.084782 -0.674973
v 0.377820 0.084782 -0.674973
v 0.354508 0.084782 -0.674968
v 0.365479 0.083240 -0.693375
v 0.357434 0.083240 -0.688611
v 0.357496 0.043411 -0.618655
v 0.354576 0.081948 -0.660425
v 0.354581 0.071787 -0.641110
v 0.357496 0.035101 -0.637701
v 0.357466 0.046799 -0.646482
v 0.357440 0.058622 -0.667915
v 0.357497 0.060698 -0.629142
v 0.357574 0.073110 -0.643201
v 0.357512 0.081766 -0.659922
v 0.357441 0.059172 -0.688521
v 0.363951 0.059143 -0.693169
v 0.357491 0.083153 -0.675048
v 0.364298 0.084782 -0.696026
v 0.363915 0.059142 -0.695794
v 0.362832 0.083240 -0.692579
v 0.354493 0.041072 -0.640791
v 0.354502 0.043745 -0.618712
v 0.354501 0.031352 -0.635326
v 0.357496 0.035801 -0.618741
v 0.354502 0.029626 -0.625470
v 0.354502 0.032050 -0.621382
v 0.354502 0.035955 -0.618677
v 0.357496 0.029581 -0.625638
v 0.357496 0.032047 -0.621398
v 0.365479 0.083240 -0.689469
v 0.365479 0.083240 -0.685563
v 0.357496 0.030095 -0.633457
v 0.354508 0.084782 -0.688701
v 0.354499 0.058957 -0.669014
v 0.354482 0.052225 -0.654190
v 0.354497 0.060762 -0.629201
v 0.354502 0.029473 -0.630477
v 0.358738 0.059139 -0.692485
v 0.363692 0.085678 -0.688339
v 0.354507 0.059132 -0.688588
v 0.367622 0.085678 -0.677548
v 0.371801 0.085678 -0.679385
v 0.373678 0.085678 -0.683257
v 0.372179 0.085678 -0.687618
v 0.367622 0.084782 -0.689885
v 0.369764 0.083240 -0.693375
v 0.380666 0.071150 -0.640302
v 0.380738 0.059016 -0.671053
v 0.380778 0.046427 -0.646095
v 0.377680 0.073511 -0.643850
v 0.377757 0.041074 -0.640798
v 0.377811 0.083011 -0.675017
v 0.377810 0.083240 -0.688611
v 0.367622 0.083240 -0.693381
v 0.370887 0.059142 -0.696052
v 0.371374 0.084782 -0.695785
v 0.376756 0.059135 -0.692298
v 0.377728 0.081764 -0.659918
v 0.377815 0.058675 -0.668549
v 0.377795 0.052169 -0.654101
v 0.377732 0.060698 -0.629143
v 0.380667 0.081947 -0.660421
v 0.380760 0.054975 -0.659245
v 0.380742 0.043671 -0.618686
v 0.380742 0.029473 -0.630477
v 0.377748 0.029476 -0.630482
v 0.372412 0.083240 -0.692579
v 0.369764 0.083240 -0.689469
v 0.369764 0.083240 -0.685563
v 0.369597 0.083240 -0.674973
v 0.380735 0.084782 -0.688679
v 0.377748 0.031483 -0.635473
v 0.377748 0.043591 -0.618687
v 0.377748 0.035801 -0.618741
v 0.377748 0.032047 -0.621398
v 0.377748 0.029581 -0.625638
v 0.380743 0.039183 -0.639638
v 0.380737 0.059132 -0.688588
v 0.380742 0.031353 -0.635326
v 0.372011 0.084782 -0.679465
v 0.380735 0.084782 -0.674964
v 0.380747 0.060762 -0.629201
v 0.380742 0.035955 -0.618677
v 0.380742 0.032050 -0.621382
v 0.380742 0.029626 -0.625471
v 0.377810 0.059155 -0.688513
v 0.371162 0.059143 -0.693235
v 0.373404 0.084782 -0.685979
v -0.382918 0.044298 -0.629306
v -0.381580 0.044226 -0.628401
v -0.381699 0.043756 -0.630704
v -0.381533 0.041237 -0.630579
v -0.384787 0.041666 -0.630813
v -0.382024 0.042445 -0.632392
v -0.382203 0.040503 -0.633087
v -0.381526 0.039108 -0.630851
v -0.384855 0.038745 -0.631155
v -0.382234 0.038239 -0.632895
v -0.381511 0.038301 -0.632686
v -0.382234 0.035899 -0.631198
v -0.381520 0.037389 -0.629414
v -0.384043 0.036332 -0.629728
v -0.381526 0.035453 -0.629501
v -0.384758 0.036898 -0.627543
v -0.382143 0.035029 -0.628428
v -0.381521 0.037590 -0.627096
v -0.381799 0.035640 -0.626181
v -0.384757 0.037964 -0.626021
v -0.382272 0.036727 -0.624799
v -0.381815 0.038637 -0.623848
v -0.381482 0.039777 -0.625773
v -0.382401 0.041565 -0.623970
v -0.384710 0.040491 -0.625376
v -0.381601 0.041064 -0.624133
v -0.384774 0.042395 -0.627070
v -0.381666 0.043407 -0.625698
v -0.382344 0.044314 -0.626812
v -0.381531 0.042346 -0.628486
v -0.381037 0.037729 -0.626684
v -0.380890 0.037722 -0.630093
v -0.380768 0.042019 -0.629730
v -0.381033 0.041939 -0.629659
v -0.380935 0.041998 -0.627234
v -0.380845 0.040625 -0.626083
v -0.380769 0.038965 -0.626146
v -0.380813 0.038034 -0.626925
v -0.380783 0.040642 -0.630788
v -0.351850 0.037224 -0.629938
v -0.354231 0.035831 -0.631047
v -0.355119 0.035535 -0.629748
v -0.354867 0.037277 -0.632448
v -0.351964 0.039263 -0.631563
v -0.355153 0.039540 -0.630955
v -0.354927 0.042041 -0.632577
v -0.354437 0.040030 -0.633196
v -0.355166 0.042233 -0.629344
v -0.351835 0.042286 -0.630021
v -0.355162 0.043356 -0.631141
v -0.354526 0.044117 -0.630436
v -0.354176 0.044312 -0.627121
v -0.355093 0.044159 -0.627038
v -0.351900 0.041794 -0.626078
v -0.355159 0.041723 -0.626774
v -0.354489 0.042595 -0.624591
v -0.354791 0.040745 -0.623780
v -0.355239 0.039906 -0.625802
v -0.351866 0.038306 -0.625784
v -0.354405 0.037722 -0.624107
v -0.355080 0.038396 -0.624162
v -0.355096 0.035766 -0.626293
v -0.352532 0.036451 -0.626991
v -0.355175 0.037666 -0.626973
v -0.354434 0.035732 -0.625943
v -0.354420 0.035028 -0.628485
v -0.355152 0.037331 -0.629570
v -0.355855 0.039331 -0.626053
v -0.355792 0.041736 -0.630085
v -0.356001 0.037318 -0.629153
v -0.355797 0.038230 -0.626603
v -0.355986 0.041798 -0.627064
v -0.356071 0.042068 -0.628830
v -0.356008 0.041487 -0.629848
v -0.355892 0.039323 -0.631074
v -0.356043 0.037475 -0.627594
v -0.356091 0.038159 -0.626528
v -0.377107 0.047399 -0.650667
v -0.377097 0.057231 -0.643968
v -0.377057 0.058076 -0.613611
v -0.377077 0.045763 -0.605766
v -0.377129 0.029979 -0.607118
v -0.377094 0.016676 -0.630354
v -0.377095 0.019560 -0.639993
v -0.377061 0.034840 -0.651290
v -0.368624 0.036802 -0.603960
v -0.368249 0.055257 -0.647742
v -0.367947 0.032204 -0.651963
v -0.376692 0.046560 -0.649605
v -0.376730 0.057629 -0.642360
v -0.376953 0.062014 -0.634027
v -0.376945 0.062448 -0.625119
v -0.376705 0.055209 -0.612296
v -0.376707 0.045870 -0.607157
v -0.376707 0.037247 -0.606460
v -0.376719 0.029040 -0.609101
v -0.376902 0.021298 -0.615264
v -0.376927 0.017648 -0.622859
v -0.376726 0.019363 -0.637503
v -0.376885 0.026518 -0.646904
v -0.376719 0.037990 -0.650583
v -0.369502 0.055996 -0.613082
v -0.369501 0.042653 -0.606076
v -0.369502 0.029699 -0.608750
v -0.369502 0.021542 -0.615612
v -0.369498 0.017468 -0.627931
v -0.368629 0.043671 -0.632933
v -0.368628 0.045815 -0.627893
v -0.368630 0.041580 -0.622640
v -0.368630 0.034559 -0.625210
v -0.368628 0.034941 -0.631948
v -0.368629 0.039394 -0.634362
v -0.378465 0.043121 -0.631799
v -0.378466 0.043810 -0.625988
v -0.378464 0.038913 -0.623994
v -0.378468 0.035002 -0.628165
v -0.378463 0.038190 -0.632744
v -0.378462 0.040546 -0.629867
v -0.378462 0.041365 -0.628794
v -0.378462 0.041096 -0.627623
v -0.378462 0.040400 -0.627052
v -0.378462 0.039352 -0.626985
v -0.378462 0.038518 -0.627623
v -0.378462 0.038249 -0.628794
v -0.378462 0.039199 -0.629952
v -0.368557 0.042264 -0.653036
v -0.369304 0.061574 -0.639951
v -0.369448 0.063814 -0.633351
v -0.369471 0.064302 -0.626111
v -0.369471 0.015312 -0.626111
v -0.369122 0.016239 -0.635634
v -0.368309 0.020807 -0.644218
v -0.359898 0.051497 -0.648131
v -0.359730 0.058187 -0.642786
v -0.359719 0.046587 -0.606250
v -0.359720 0.038543 -0.605255
v -0.359732 0.026774 -0.608980
v -0.359669 0.025983 -0.647547
v -0.368006 0.028571 -0.606537
v -0.359865 0.041437 -0.651833
v -0.359712 0.062075 -0.635532
v -0.368413 0.020883 -0.612569
v -0.359698 0.063076 -0.626489
v -0.368413 0.017042 -0.619055
v -0.359706 0.017596 -0.620881
v -0.368274 0.062619 -0.619211
v -0.359712 0.016592 -0.631052
v -0.369008 0.059126 -0.613111
v -0.359712 0.054407 -0.610253
v -0.359798 0.019347 -0.639277
v -0.368463 0.051433 -0.606705
v -0.368552 0.044770 -0.604365
v -0.368274 0.049380 -0.651172
v -0.368551 0.025992 -0.648869
v -0.360099 0.040316 -0.650824
v -0.360099 0.060640 -0.636563
v -0.360134 0.061839 -0.625982
v -0.359942 0.059132 -0.616551
v -0.360146 0.048263 -0.607867
v -0.360106 0.037598 -0.606382
v -0.360106 0.029040 -0.609101
v -0.360126 0.022475 -0.614654
v -0.360168 0.017951 -0.624137
v -0.360090 0.018551 -0.634933
v -0.360134 0.029648 -0.648194
v -0.367327 0.058294 -0.641054
v -0.367321 0.033487 -0.607223
v -0.368195 0.036054 -0.623912
v -0.358362 0.040700 -0.632976
v -0.358357 0.044612 -0.628804
v -0.358362 0.041424 -0.624225
v -0.358361 0.036886 -0.624925
v -0.358357 0.035490 -0.630618
v -0.358363 0.039199 -0.629952
v -0.358363 0.040546 -0.629867
v -0.358363 0.041365 -0.628794
v -0.358363 0.041096 -0.627623
v -0.358363 0.040400 -0.627052
v -0.358363 0.039352 -0.626985
v -0.358363 0.038518 -0.627623
v -0.358363 0.038249 -0.628794
v -0.369502 0.032999 -0.649586
v -0.369502 0.058072 -0.641357
v -0.369501 0.045752 -0.650276
v -0.369501 0.062340 -0.626905
v -0.369505 0.021950 -0.642318
v -0.368197 0.033966 -0.627909
v -0.368196 0.044154 -0.624388
v -0.368195 0.035562 -0.632729
v -0.368196 0.039950 -0.622658
v -0.368196 0.042351 -0.634122
v -0.368197 0.045648 -0.629060
v -0.367325 0.037510 -0.650546
v -0.367324 0.024128 -0.612550
v -0.367321 0.061869 -0.630781
v -0.367325 0.018617 -0.621928
v -0.367325 0.061068 -0.622164
v -0.367323 0.017720 -0.630660
v -0.367324 0.055741 -0.612805
v -0.367325 0.021237 -0.640893
v -0.367324 0.044344 -0.606595
v -0.367320 0.048195 -0.649206
v -0.367321 0.029243 -0.647988
v -0.372391 0.085678 -0.678956
v -0.374418 0.085678 -0.684648
v -0.367801 0.085678 -0.689718
v -0.368984 0.084782 -0.677606
v -0.373475 0.084782 -0.680367
v -0.374191 0.084782 -0.685533
v -0.371587 0.084782 -0.688893
v -0.378590 0.084782 -0.674973
v -0.358194 0.084782 -0.674973
v -0.381505 0.084782 -0.674968
v -0.370534 0.083240 -0.693375
v -0.378580 0.083240 -0.688611
v -0.378577 0.059172 -0.688571
v -0.378517 0.043411 -0.618655
v -0.381436 0.081948 -0.660425
v -0.381432 0.071787 -0.641110
v -0.378560 0.046799 -0.646482
v -0.378573 0.058622 -0.667915
v -0.378521 0.060698 -0.629143
v -0.378444 0.073089 -0.643169
v -0.378501 0.081766 -0.659922
v -0.372062 0.059143 -0.693169
v -0.378525 0.083138 -0.675100
v -0.372287 0.084782 -0.695737
v -0.373181 0.083240 -0.692579
v -0.378517 0.035101 -0.637701
v -0.381521 0.041072 -0.640791
v -0.381512 0.043745 -0.618712
v -0.381512 0.031352 -0.635326
v -0.378517 0.035801 -0.618741
v -0.381512 0.029626 -0.625470
v -0.381512 0.032050 -0.621382
v -0.381512 0.035955 -0.618677
v -0.378517 0.029581 -0.625638
v -0.378517 0.032047 -0.621398
v -0.370534 0.083240 -0.689469
v -0.370534 0.083240 -0.685563
v -0.378518 0.030095 -0.633457
v -0.381503 0.084782 -0.688687
v -0.381513 0.058923 -0.668917
v -0.381534 0.052225 -0.654189
v -0.381516 0.060762 -0.629201
v -0.381512 0.029473 -0.630477
v -0.375255 0.059143 -0.694130
v -0.372321 0.085678 -0.688339
v -0.381506 0.059132 -0.688588
v -0.365379 0.085678 -0.678131
v -0.362335 0.085678 -0.683257
v -0.363834 0.085678 -0.687617
v -0.362365 0.084782 -0.684602
v -0.366249 0.083240 -0.693375
v -0.363602 0.083240 -0.692579
v -0.358203 0.083240 -0.688611
v -0.355347 0.071150 -0.640302
v -0.355276 0.059016 -0.671053
v -0.355235 0.046427 -0.646095
v -0.358333 0.073511 -0.643850
v -0.358256 0.041074 -0.640798
v -0.358281 0.060698 -0.629143
v -0.358202 0.083011 -0.675017
v -0.358203 0.059156 -0.688569
v -0.368391 0.083240 -0.693381
v -0.370582 0.059142 -0.696137
v -0.364672 0.059142 -0.695795
v -0.365162 0.084782 -0.696092
v -0.359421 0.059137 -0.692420
v -0.358285 0.081764 -0.659918
v -0.358199 0.058675 -0.668549
v -0.358219 0.052169 -0.654101
v -0.355346 0.081947 -0.660421
v -0.355253 0.054975 -0.659245
v -0.355271 0.043671 -0.618686
v -0.355271 0.029473 -0.630477
v -0.358265 0.029476 -0.630482
v -0.366249 0.083240 -0.689469
v -0.366249 0.083240 -0.685563
v -0.366534 0.083240 -0.674973
v -0.365167 0.084782 -0.689162
v -0.355278 0.084782 -0.688686
v -0.358265 0.031483 -0.635473
v -0.355277 0.059132 -0.688588
v -0.358265 0.043591 -0.618687
v -0.358265 0.035801 -0.618741
v -0.358265 0.032047 -0.621398
v -0.358266 0.029581 -0.625638
v -0.355270 0.039183 -0.639638
v -0.355271 0.031353 -0.635326
v -0.364002 0.084782 -0.679466
v -0.355278 0.084782 -0.674964
v -0.355266 0.060762 -0.629201
v -0.355271 0.035955 -0.618677
v -0.355271 0.032050 -0.621382
v -0.355271 0.029626 -0.625471
v -0.364930 0.059143 -0.693275
vt 0.043885 0.943232
vt 0.055453 0.939760
vt 0.052051 0.929088
vt 0.053251 0.944789
vt 0.055180 0.942071
vt 0.056421 0.950794
vt 0.054718 0.947160
vt 0.071461 0.959862
vt 0.066173 0.951045
vt 0.062285 0.952449
vt 0.065104 0.938526
vt 0.067419 0.942461
vt 0.067929 0.940576
vt 0.058575 0.938302
vt 0.061861 0.937902
vt 0.076464 0.935222
vt 0.079085 0.931244
vt 0.065291 0.926373
vt 0.079484 0.946775
vt 0.086321 0.940776
vt 0.083186 0.952407
vt 0.052395 0.960039
vt 0.063197 0.968384
vt 0.041810 0.933105
vt 0.062552 0.922480
vt 0.086192 0.952898
vt 0.043142 0.959754
vt 0.037072 0.948530
vt 0.127775 0.932253
vt 0.130259 0.929725
vt 0.131167 0.927742
vt 0.128429 0.937055
vt 0.128168 0.933233
vt 0.118357 0.935719
vt 0.130867 0.940562
vt 0.133062 0.950710
vt 0.134368 0.940908
vt 0.130682 0.939057
vt 0.138270 0.940956
vt 0.146468 0.946177
vt 0.141025 0.937871
vt 0.140897 0.935974
vt 0.137838 0.940028
vt 0.151057 0.930833
vt 0.141669 0.931925
vt 0.137564 0.927808
vt 0.127621 0.919130
vt 0.125760 0.954984
vt 0.112948 0.935104
vt 0.156173 0.941888
vt 0.147959 0.915147
vt 0.136648 0.908938
vt 0.125633 0.958626
vt 0.137147 0.959181
vt 0.149617 0.912289
vt 0.150579 0.767648
vt 0.149459 0.768126
vt 0.149613 0.769194
vt 0.147672 0.767366
vt 0.148541 0.767700
vt 0.148665 0.767335
vt 0.148996 0.768257
vt 0.149262 0.766171
vt 0.148941 0.767147
vt 0.149322 0.767169
vt 0.148215 0.769051
vt 0.148664 0.768065
vt 0.093063 0.750030
vt 0.112062 0.722187
vt 0.081599 0.722162
vt 0.145581 0.767559
vt 0.146139 0.766595
vt 0.145214 0.766010
vt 0.146881 0.765949
vt 0.147691 0.765259
vt 0.146273 0.764979
vt 0.148215 0.766819
vt 0.147142 0.766864
vt 0.147081 0.768030
vt 0.586859 0.301899
vt 0.601797 0.291413
vt 0.571002 0.302069
vt 0.609989 0.294512
vt 0.624416 0.285668
vt 0.559700 0.312595
vt 0.545123 0.315233
vt 0.541730 0.321468
vt 0.583736 0.260790
vt 0.537096 0.269016
vt 0.893127 0.818695
vt 0.894926 0.830387
vt 0.927291 0.810677
vt 0.618393 0.257010
vt 0.611861 0.180375
vt 0.583880 0.173845
vt 0.504053 0.158773
vt 0.515215 0.172955
vt 0.779682 0.806278
vt 0.719695 0.819229
vt 0.661944 0.850898
vt 0.404260 0.143404
vt 0.367498 0.127115
vt 0.309806 0.167559
vt 0.922446 0.859895
vt 0.908931 0.933009
vt 0.936433 0.864107
vt 0.360018 0.212286
vt 0.409575 0.239013
vt 0.469267 0.164261
vt 0.483145 0.262907
vt 0.746803 0.887132
vt 0.702635 0.905607
vt 0.635048 0.180070
vt 0.919604 0.938836
vt 0.949867 0.865487
vt 0.826805 0.888649
vt 0.885829 0.919942
vt 0.943533 0.865421
vt 0.579715 0.181859
vt 0.340597 0.115763
vt 0.326662 0.116758
vt 0.314802 0.123568
vt 0.650108 0.873312
vt 0.650946 0.888129
vt 0.352196 0.645383
vt 0.352299 0.645382
vt 0.352093 0.645382
vt 0.941456 0.854530
vt 0.937334 0.843420
vt 0.353846 0.220889
vt 0.413732 0.252371
vt 0.356819 0.110185
vt 0.408942 0.132467
vt 0.655175 0.289836
vt 0.651430 0.285031
vt 0.633572 0.288963
vt 0.699715 0.302009
vt 0.695506 0.303981
vt 0.708051 0.313826
vt 0.671253 0.257056
vt 0.680263 0.291272
vt 0.278594 0.857637
vt 0.275328 0.863037
vt 0.303356 0.871271
vt 0.656907 0.179057
vt 0.638767 0.256024
vt 0.744435 0.157374
vt 0.667802 0.172675
vt 0.736109 0.170760
vt 0.301351 0.880187
vt 0.356121 0.866434
vt 0.881352 0.126497
vt 0.839300 0.144360
vt 0.887991 0.210232
vt 0.275014 0.982993
vt 0.269805 0.909118
vt 0.255508 0.911886
vt 0.786751 0.160920
vt 0.767048 0.258717
vt 0.715209 0.264065
vt 0.411546 0.948775
vt 0.475893 0.890855
vt 0.359648 0.948062
vt 0.415169 0.870687
vt 0.461992 0.963775
vt 0.495268 0.985756
vt 0.529867 0.928726
vt 0.907872 0.115568
vt 0.299388 0.972682
vt 0.340968 0.645382
vt 0.340384 0.645387
vt 0.341552 0.645387
vt 0.251676 0.901923
vt 0.248325 0.912474
vt 0.256715 0.891213
vt 0.242041 0.911897
vt 0.864700 0.121551
vt 0.806097 0.143106
vt 0.893989 0.218699
vt 0.842425 0.234637
vt 0.832646 0.250025
vt 0.672434 0.180500
vt 0.770980 0.268559
vt 0.639460 0.171446
vt 0.044074 0.944527
vt 0.055663 0.939502
vt 0.052040 0.929094
vt 0.054669 0.944089
vt 0.057263 0.939703
vt 0.053513 0.945004
vt 0.055091 0.948084
vt 0.056288 0.950950
vt 0.052838 0.961040
vt 0.062339 0.953129
vt 0.070156 0.960462
vt 0.066262 0.951046
vt 0.063012 0.951641
vt 0.068997 0.946817
vt 0.068350 0.944502
vt 0.066470 0.948496
vt 0.067345 0.940724
vt 0.061200 0.937664
vt 0.065284 0.926364
vt 0.050470 0.965050
vt 0.076464 0.935223
vt 0.079085 0.931244
vt 0.079484 0.946775
vt 0.086321 0.940776
vt 0.086388 0.952903
vt 0.041810 0.933105
vt 0.062553 0.922480
vt 0.128327 0.930105
vt 0.131728 0.928362
vt 0.134632 0.926951
vt 0.131135 0.940205
vt 0.129173 0.938152
vt 0.127832 0.934587
vt 0.134779 0.941762
vt 0.135926 0.940713
vt 0.140738 0.938501
vt 0.140313 0.936172
vt 0.139119 0.939158
vt 0.143987 0.947492
vt 0.141786 0.932425
vt 0.151057 0.930833
vt 0.141383 0.933883
vt 0.139993 0.930629
vt 0.138331 0.928475
vt 0.134886 0.927978
vt 0.117900 0.934329
vt 0.112929 0.935112
vt 0.128174 0.949589
vt 0.125760 0.954984
vt 0.156173 0.941887
vt 0.137147 0.959181
vt 0.127621 0.919130
vt 0.147959 0.915147
vt 0.136648 0.908938
vt 0.125633 0.958626
vt 0.149616 0.912289
vt 0.148255 0.766414
vt 0.148665 0.767335
vt 0.148941 0.767147
vt 0.147917 0.765645
vt 0.147275 0.766558
vt 0.147783 0.767608
vt 0.146176 0.766323
vt 0.146132 0.765052
vt 0.145208 0.766616
vt 0.146381 0.766957
vt 0.146212 0.767994
vt 0.146804 0.767051
vt 0.146881 0.765949
vt 0.586855 0.301900
vt 0.601795 0.291414
vt 0.571002 0.302069
vt 0.609090 0.294793
vt 0.624460 0.285658
vt 0.635448 0.289022
vt 0.583736 0.260790
vt 0.537096 0.269016
vt 0.619094 0.256959
vt 0.596186 0.180033
vt 0.583893 0.173848
vt 0.504053 0.158773
vt 0.515215 0.172955
vt 0.404260 0.143404
vt 0.367498 0.127115
vt 0.309806 0.167559
vt 0.922442 0.859892
vt 0.908932 0.933009
vt 0.936433 0.864107
vt 0.360018 0.212286
vt 0.409575 0.239013
vt 0.469267 0.164261
vt 0.483145 0.262907
vt 0.746803 0.887132
vt 0.779677 0.806250
vt 0.702635 0.905607
vt 0.636165 0.180052
vt 0.615175 0.180474
vt 0.919604 0.938836
vt 0.949867 0.865487
vt 0.579560 0.181883
vt 0.943533 0.865421
vt 0.340598 0.115763
vt 0.326662 0.116758
vt 0.314802 0.123568
vt 0.661944 0.850898
vt 0.650108 0.873312
vt 0.650946 0.888129
vt 0.352196 0.645383
vt 0.352299 0.645382
vt 0.352093 0.645382
vt 0.941456 0.854530
vt 0.927445 0.810956
vt 0.937334 0.843420
vt 0.894965 0.830299
vt 0.353825 0.220874
vt 0.413673 0.252346
vt 0.356819 0.110185
vt 0.408942 0.132468
vt 0.612230 0.171901
vt 0.668740 0.292845
vt 0.651432 0.285031
vt 0.715311 0.274879
vt 0.699717 0.302010
vt 0.710767 0.312123
vt 0.671249 0.257056
vt 0.680264 0.291272
vt 0.656876 0.179058
vt 0.637782 0.256018
vt 0.744435 0.157374
vt 0.667803 0.172675
vt 0.736109 0.170760
vt 0.539175 0.952332
vt 0.529867 0.928726
vt 0.475895 0.890855
vt 0.301307 0.880605
vt 0.356122 0.866434
vt 0.303356 0.871271
vt 0.881352 0.126497
vt 0.839300 0.144360
vt 0.887991 0.210232
vt 0.275027 0.982987
vt 0.269805 0.909118
vt 0.255322 0.911921
vt 0.786751 0.160920
vt 0.767048 0.258717
vt 0.715209 0.264065
vt 0.411546 0.948775
vt 0.359648 0.948062
vt 0.415169 0.870687
vt 0.461992 0.963775
vt 0.495268 0.985756
vt 0.907872 0.115568
vt 0.299389 0.972682
vt 0.340968 0.645382
vt 0.340384 0.645387
vt 0.341552 0.645387
vt 0.251676 0.901923
vt 0.248325 0.912474
vt 0.270433 0.860226
vt 0.864700 0.121551
vt 0.806097 0.143106
vt 0.893991 0.218698
vt 0.842425 0.234637
vt 0.832646 0.250025
vt 0.672434 0.180500
vt 0.770981 0.268559
vt 0.639475 0.171442
vt 0.059427 0.937956
vt 0.055272 0.940723
vt 0.059181 0.939702
vt 0.052040 0.929094
vt 0.043885 0.943231
vt 0.049519 0.958465
vt 0.059574 0.952659
vt 0.055350 0.949283
vt 0.066896 0.962451
vt 0.067959 0.941928
vt 0.068082 0.946311
vt 0.069093 0.947524
vt 0.077020 0.936623
vt 0.066314 0.938933
vt 0.062394 0.937292
vt 0.063601 0.939436
vt 0.060113 0.924020
vt 0.050321 0.965594
vt 0.082750 0.952830
vt 0.086321 0.940776
vt 0.071830 0.965638
vt 0.037085 0.948571
vt 0.041810 0.933105
vt 0.077080 0.928094
vt 0.086192 0.952898
vt 0.124515 0.922021
vt 0.130558 0.928106
vt 0.133955 0.927356
vt 0.127666 0.931999
vt 0.130688 0.929436
vt 0.117702 0.937401
vt 0.128037 0.937905
vt 0.128311 0.933804
vt 0.129696 0.938369
vt 0.132557 0.940935
vt 0.148395 0.944069
vt 0.136504 0.941279
vt 0.133261 0.949982
vt 0.141492 0.937724
vt 0.138863 0.939479
vt 0.151828 0.931070
vt 0.141304 0.931867
vt 0.141163 0.935512
vt 0.138761 0.927873
vt 0.140981 0.918012
vt 0.137608 0.928478
vt 0.112644 0.936071
vt 0.125760 0.954984
vt 0.150438 0.949976
vt 0.136532 0.908972
vt 0.155762 0.926305
vt 0.148304 0.914996
vt 0.125633 0.958626
vt 0.137147 0.959181
vt 0.149617 0.912289
vt 0.150670 0.767792
vt 0.149505 0.768095
vt 0.149700 0.769121
vt 0.149053 0.768256
vt 0.147987 0.766638
vt 0.148638 0.767384
vt 0.148941 0.767147
vt 0.149772 0.766321
vt 0.149370 0.767200
vt 0.146297 0.766885
vt 0.145309 0.767199
vt 0.146353 0.768058
vt 0.146153 0.766430
vt 0.145428 0.765616
vt 0.146682 0.764896
vt 0.146881 0.765949
vt 0.147981 0.765617
vt 0.147850 0.767484
vt 0.146747 0.767049
vt 0.146450 0.765998
vt 0.586861 0.301899
vt 0.594806 0.293585
vt 0.560985 0.306456
vt 0.609987 0.294512
vt 0.630165 0.285113
vt 0.583737 0.260790
vt 0.537096 0.269016
vt 0.536587 0.280513
vt 0.540020 0.318461
vt 0.619018 0.256967
vt 0.596194 0.180033
vt 0.579561 0.181883
vt 0.506702 0.171564
vt 0.583893 0.173848
vt 0.504053 0.158773
vt 0.440768 0.156213
vt 0.922442 0.859892
vt 0.908930 0.933008
vt 0.936432 0.864104
vt 0.309947 0.167756
vt 0.360017 0.212285
vt 0.409574 0.239013
vt 0.483145 0.262907
vt 0.779735 0.806174
vt 0.719690 0.819248
vt 0.746820 0.887127
vt 0.650108 0.873313
vt 0.682633 0.911932
vt 0.702636 0.905607
vt 0.919604 0.938836
vt 0.949867 0.865487
vt 0.943533 0.865421
vt 0.340598 0.115763
vt 0.326662 0.116758
vt 0.650946 0.888129
vt 0.659631 0.901573
vt 0.314802 0.123569
vt 0.352196 0.645383
vt 0.352299 0.645382
vt 0.352093 0.645382
vt 0.941456 0.854530
vt 0.937334 0.843420
vt 0.934538 0.823232
vt 0.894919 0.830315
vt 0.408962 0.132475
vt 0.375318 0.130753
vt 0.353813 0.220865
vt 0.413662 0.252341
vt 0.300581 0.171648
vt 0.356819 0.110185
vt 0.615049 0.180472
vt 0.612228 0.171901
vt 0.695503 0.303980
vt 0.696817 0.300070
vt 0.677130 0.294913
vt 0.665611 0.287234
vt 0.655175 0.289836
vt 0.708050 0.313825
vt 0.671295 0.257057
vt 0.715311 0.274879
vt 0.710766 0.312123
vt 0.656905 0.179057
vt 0.638624 0.256023
vt 0.744435 0.157374
vt 0.668008 0.172620
vt 0.736108 0.170760
vt 0.301351 0.880187
vt 0.356123 0.866434
vt 0.303356 0.871269
vt 0.881352 0.126497
vt 0.846702 0.141613
vt 0.937684 0.166702
vt 0.274785 0.983087
vt 0.269804 0.909118
vt 0.255514 0.911886
vt 0.888004 0.210201
vt 0.842426 0.234637
vt 0.786751 0.160920
vt 0.767048 0.258717
vt 0.715209 0.264065
vt 0.411545 0.948775
vt 0.475901 0.890859
vt 0.359647 0.948062
vt 0.415170 0.870687
vt 0.465743 0.965623
vt 0.495268 0.985756
vt 0.635705 0.180080
vt 0.299553 0.972607
vt 0.340968 0.645382
vt 0.340384 0.645387
vt 0.341552 0.645387
vt 0.251676 0.901923
vt 0.248325 0.912474
vt 0.256715 0.891213
vt 0.277810 0.868653
vt 0.242041 0.911897
vt 0.893997 0.218693
vt 0.832646 0.250025
vt 0.672433 0.180500
vt 0.770982 0.268559
vt 0.639181 0.171442
vt 0.057677 0.937793
vt 0.057339 0.940563
vt 0.060314 0.938228
vt 0.054596 0.940857
vt 0.052040 0.929094
vt 0.043885 0.943231
vt 0.054106 0.944385
vt 0.056011 0.950784
vt 0.048232 0.957454
vt 0.056595 0.950140
vt 0.054622 0.947352
vt 0.060466 0.951918
vt 0.063204 0.963049
vt 0.063421 0.952983
vt 0.064846 0.951332
vt 0.067899 0.948987
vt 0.077201 0.954077
vt 0.068720 0.943092
vt 0.068257 0.946356
vt 0.077020 0.936623
vt 0.066962 0.939231
vt 0.062769 0.937209
vt 0.065675 0.939757
vt 0.057083 0.966620
vt 0.083108 0.952533
vt 0.086321 0.940776
vt 0.037085 0.948571
vt 0.041810 0.933105
vt 0.077080 0.928094
vt 0.060113 0.924020
vt 0.086192 0.952899
vt 0.130707 0.927873
vt 0.128018 0.932185
vt 0.130050 0.930103
vt 0.117673 0.937268
vt 0.124515 0.922020
vt 0.129599 0.938878
vt 0.128427 0.936326
vt 0.131902 0.941260
vt 0.133542 0.940869
vt 0.138602 0.940500
vt 0.148395 0.944069
vt 0.133261 0.949982
vt 0.140999 0.936820
vt 0.137909 0.939636
vt 0.141713 0.933988
vt 0.151829 0.931071
vt 0.136546 0.927136
vt 0.141107 0.930429
vt 0.136714 0.928059
vt 0.139704 0.930238
vt 0.132954 0.927981
vt 0.112624 0.936045
vt 0.125760 0.954984
vt 0.150438 0.949976
vt 0.140990 0.917995
vt 0.136532 0.908972
vt 0.155762 0.926305
vt 0.148304 0.914996
vt 0.125633 0.958626
vt 0.137147 0.959181
vt 0.149616 0.912289
vt 0.147730 0.766961
vt 0.148538 0.767757
vt 0.148638 0.767384
vt 0.149821 0.769040
vt 0.149505 0.768095
vt 0.149053 0.768256
vt 0.149433 0.766245
vt 0.148941 0.767147
vt 0.149370 0.767200
vt 0.147181 0.766187
vt 0.148277 0.766622
vt 0.147591 0.765213
vt 0.146297 0.766885
vt 0.145309 0.767199
vt 0.147012 0.767944
vt 0.146153 0.766430
vt 0.145718 0.765398
vt 0.147142 0.766864
vt 0.586857 0.301900
vt 0.590141 0.294891
vt 0.560984 0.306456
vt 0.633571 0.288963
vt 0.646119 0.284762
vt 0.613398 0.288395
vt 0.583713 0.260792
vt 0.537096 0.269016
vt 0.536587 0.280513
vt 0.540020 0.318461
vt 0.617265 0.257092
vt 0.604255 0.180231
vt 0.584079 0.173895
vt 0.504053 0.158773
vt 0.506298 0.171535
vt 0.440766 0.156213
vt 0.922442 0.859893
vt 0.908930 0.933008
vt 0.936432 0.864104
vt 0.309947 0.167756
vt 0.360017 0.212285
vt 0.409574 0.239013
vt 0.483142 0.262905
vt 0.746829 0.887128
vt 0.779676 0.806250
vt 0.702636 0.905607
vt 0.719702 0.819232
vt 0.661472 0.851239
vt 0.636993 0.256094
vt 0.619606 0.180440
vt 0.919604 0.938836
vt 0.949867 0.865487
vt 0.579561 0.181883
vt 0.943533 0.865421
vt 0.340598 0.115763
vt 0.326662 0.116758
vt 0.314802 0.123569
vt 0.650108 0.873313
vt 0.650946 0.888129
vt 0.352196 0.645383
vt 0.352299 0.645382
vt 0.352093 0.645382
vt 0.941456 0.854530
vt 0.937334 0.843420
vt 0.925616 0.814713
vt 0.894878 0.830351
vt 0.408971 0.132479
vt 0.375318 0.130753
vt 0.353853 0.220894
vt 0.413672 0.252346
vt 0.300581 0.171648
vt 0.356819 0.110185
vt 0.609994 0.294510
vt 0.612228 0.171901
vt 0.700726 0.308017
vt 0.696815 0.300069
vt 0.677130 0.294913
vt 0.672181 0.288519
vt 0.655178 0.289837
vt 0.671284 0.257057
vt 0.715311 0.274879
vt 0.710766 0.312123
vt 0.656273 0.179064
vt 0.744435 0.157374
vt 0.667803 0.172675
vt 0.736109 0.170760
vt 0.301351 0.880187
vt 0.356123 0.866434
vt 0.303356 0.871271
vt 0.881352 0.126497
vt 0.846702 0.141613
vt 0.937684 0.166702
vt 0.274521 0.983195
vt 0.269804 0.909118
vt 0.255514 0.911886
vt 0.888004 0.210201
vt 0.842426 0.234637
vt 0.786751 0.160919
vt 0.767048 0.258717
vt 0.715209 0.264065
vt 0.411545 0.948775
vt 0.475901 0.890859
vt 0.359647 0.948062
vt 0.415170 0.870687
vt 0.465743 0.965623
vt 0.495268 0.985756
vt 0.637211 0.180095
vt 0.299388 0.972682
vt 0.672434 0.180500
vt 0.340968 0.645382
vt 0.340384 0.645387
vt 0.341552 0.645387
vt 0.251676 0.901923
vt 0.248325 0.912474
vt 0.271502 0.863031
vt 0.256715 0.891213
vt 0.242041 0.911897
vt 0.893997 0.218693
vt 0.832646 0.250025
vt 0.770982 0.268559
vt 0.638860 0.171436
vt 0.059264 0.951916
vt 0.069503 0.944975
vt 0.067550 0.948980
vt 0.068368 0.946064
vt 0.039471 0.932067
vt 0.133488 0.927885
vt 0.139437 0.930585
vt 0.146633 0.953735
vt 0.155764 0.926305
vt 0.123234 0.914005
vt 0.149627 0.767474
vt 0.149669 0.767805
vt 0.146188 0.766268
vt 0.146498 0.765968
vt 0.178331 0.719396
vt 0.197513 0.742033
vt 0.203458 0.711235
vt 0.203377 0.768920
vt 0.225787 0.763293
vt 0.147272 0.766501
vt 0.147154 0.766138
vt 0.146342 0.766916
vt 0.146804 0.767051
vt 0.659631 0.901573
vt 0.682633 0.911932
vt 0.841289 0.808141
vt 0.306826 0.133820
vt 0.304116 0.146402
vt 0.941258 0.854580
vt 0.334266 0.106301
vt 0.309059 0.115997
vt 0.298213 0.129683
vt 0.294591 0.145447
vt 0.300940 0.172198
vt 0.478981 0.272986
vt 0.536587 0.280513
vt 0.612230 0.171901
vt 0.677130 0.294913
vt 0.710767 0.312123
vt 0.718677 0.304405
vt 0.715311 0.274879
vt 0.937689 0.166710
vt 0.940896 0.133589
vt 0.933147 0.123452
vt 0.512466 0.986462
vt 0.526585 0.979405
vt 0.943451 0.145973
vt 0.536709 0.966984
vt 0.906281 0.106458
vt 0.921554 0.116662
vt 0.539175 0.952332
vt 0.251485 0.901854
vt 0.938852 0.116062
vt 0.924327 0.107781
vt 0.949391 0.129598
vt 0.952815 0.145114
vt 0.946352 0.171334
vt 0.058960 0.951588
vt 0.064788 0.938083
vt 0.037007 0.948545
vt 0.073268 0.965179
vt 0.039471 0.932068
vt 0.129230 0.930893
vt 0.155764 0.926305
vt 0.146633 0.953736
vt 0.123234 0.914005
vt 0.149627 0.767474
vt 0.150610 0.767330
vt 0.149719 0.766204
vt 0.149322 0.767169
vt 0.149459 0.768126
vt 0.150099 0.768905
vt 0.149669 0.767805
vt 0.147512 0.767753
vt 0.148541 0.767700
vt 0.148996 0.768257
vt 0.148390 0.769063
vt 0.148664 0.768065
vt 0.178331 0.719396
vt 0.195102 0.736853
vt 0.203458 0.711235
vt 0.146498 0.765968
vt 0.146169 0.766703
vt 0.147182 0.766188
vt 0.147142 0.766864
vt 0.554817 0.314901
vt 0.538423 0.323397
vt 0.545125 0.315233
vt 0.536587 0.280513
vt 0.528417 0.315865
vt 0.924047 0.805017
vt 0.893127 0.818695
vt 0.659631 0.901573
vt 0.682633 0.911932
vt 0.841289 0.808141
vt 0.885839 0.919948
vt 0.719692 0.819238
vt 0.826804 0.888649
vt 0.306826 0.133820
vt 0.304116 0.146402
vt 0.941258 0.854580
vt 0.334266 0.106301
vt 0.309059 0.115997
vt 0.298213 0.129683
vt 0.294591 0.145447
vt 0.300940 0.172198
vt 0.478981 0.272986
vt 0.700725 0.308017
vt 0.937689 0.166710
vt 0.940896 0.133589
vt 0.933147 0.123452
vt 0.512466 0.986462
vt 0.526585 0.979405
vt 0.943451 0.145973
vt 0.536709 0.966984
vt 0.242041 0.911897
vt 0.251485 0.901854
vt 0.921554 0.116662
vt 0.906281 0.106457
vt 0.256715 0.891213
vt 0.938852 0.116062
vt 0.924327 0.107781
vt 0.949391 0.129598
vt 0.952815 0.145114
vt 0.946352 0.171334
vt 0.054018 0.946321
vt 0.054414 0.943606
vt 0.057983 0.950895
vt 0.061976 0.951846
vt 0.065927 0.951089
vt 0.039471 0.932068
vt 0.122747 0.914692
vt 0.148538 0.767757
vt 0.147872 0.768550
vt 0.149659 0.767638
vt 0.148664 0.768065
vt 0.147181 0.766187
vt 0.147275 0.766559
vt 0.147142 0.766864
vt 0.541732 0.321467
vt 0.559704 0.312594
vt 0.633571 0.288963
vt 0.528280 0.316134
vt 0.924314 0.804865
vt 0.893127 0.818695
vt 0.661472 0.851239
vt 0.841288 0.808140
vt 0.885839 0.919948
vt 0.334266 0.106301
vt 0.309059 0.115997
vt 0.826804 0.888649
vt 0.306826 0.133820
vt 0.304116 0.146403
vt 0.941258 0.854580
vt 0.298213 0.129683
vt 0.294591 0.145446
vt 0.478981 0.272986
vt 0.536709 0.966984
vt 0.539176 0.952332
vt 0.526585 0.979405
vt 0.270950 0.858521
vt 0.907872 0.115568
vt 0.512466 0.986462
vt 0.529867 0.928726
vt 0.806095 0.143106
vt 0.869158 0.119600
vt 0.943451 0.145973
vt 0.940896 0.133589
vt 0.933147 0.123452
vt 0.921554 0.116662
vt 0.251485 0.901854
vt 0.906282 0.106457
vt 0.938851 0.116062
vt 0.924327 0.107781
vt 0.949391 0.129598
vt 0.952815 0.145114
vt 0.946352 0.171334
vt 0.039471 0.932068
vt 0.122747 0.914692
vt 0.150672 0.767571
vt 0.149659 0.767638
vt 0.147961 0.768714
vt 0.148664 0.768065
vt 0.146881 0.765949
vt 0.146450 0.765998
vt 0.147275 0.766559
vt 0.146747 0.767049
vt 0.554816 0.314901
vt 0.538423 0.323397
vt 0.924085 0.804995
vt 0.893127 0.818695
vt 0.528397 0.315903
vt 0.659631 0.901573
vt 0.682633 0.911932
vt 0.841288 0.808140
vt 0.885978 0.920032
vt 0.826804 0.888649
vt 0.306826 0.133820
vt 0.304116 0.146403
vt 0.334266 0.106301
vt 0.309059 0.115997
vt 0.941258 0.854580
vt 0.298213 0.129683
vt 0.294591 0.145446
vt 0.478981 0.272986
vt 0.536709 0.966984
vt 0.529867 0.928726
vt 0.526585 0.979405
vt 0.907872 0.115568
vt 0.512466 0.986462
vt 0.806095 0.143106
vt 0.869158 0.119600
vt 0.943451 0.145973
vt 0.940896 0.133589
vt 0.933147 0.123452
vt 0.921554 0.116662
vt 0.906282 0.106457
vt 0.539176 0.952332
vt 0.251485 0.901854
vt 0.938851 0.116062
vt 0.924327 0.107781
vt 0.949391 0.129598
vt 0.952815 0.145114
vt 0.946352 0.171334
vt 0.059187 0.942368
vt 0.058376 0.944884
vt 0.060815 0.948274
vt 0.058384 0.947969
vt 0.063118 0.947926
vt 0.064415 0.945866
vt 0.063098 0.942673
vt 0.060890 0.940725
vt 0.131994 0.935569
vt 0.134939 0.937696
vt 0.137389 0.935369
vt 0.136387 0.931913
vt 0.133348 0.931420
vt 0.264009 0.749979
vt 0.230027 0.777654
vt 0.260255 0.792649
vt 0.106767 0.657077
vt 0.098874 0.702811
vt 0.142764 0.683576
vt 0.186606 0.655618
vt 0.182383 0.691295
vt 0.217189 0.671922
vt 0.059102 0.839951
vt 0.082312 0.815359
vt 0.042611 0.811802
vt 0.205253 0.704359
vt 0.249408 0.824296
vt 0.217390 0.811920
vt 0.228584 0.851291
vt 0.224548 0.734757
vt 0.247971 0.708060
vt 0.153626 0.648710
vt 0.069699 0.680980
vt 0.049737 0.711796
vt 0.223073 0.740189
vt 0.202084 0.825600
vt 0.187061 0.840272
vt 0.175615 0.841841
vt 0.227540 0.770494
vt 0.110507 0.840521
vt 0.147746 0.849532
vt 0.117041 0.840105
vt 0.136998 0.689121
vt 0.135805 0.773029
vt 0.163195 0.764061
vt 0.158592 0.778316
vt 0.145480 0.782085
vt 0.140129 0.757003
vt 0.249153 0.710851
vt 0.226633 0.746745
vt 0.262987 0.743048
vt 0.065643 0.782767
vt 0.067639 0.744844
vt 0.033830 0.747102
vt 0.208778 0.820051
vt 0.180085 0.844183
vt 0.220281 0.856214
vt 0.120431 0.688519
vt 0.144642 0.650032
vt 0.111931 0.655978
vt 0.235987 0.835539
vt 0.079750 0.814952
vt 0.044316 0.821103
vt 0.227633 0.785913
vt 0.263251 0.778465
vt 0.047654 0.704441
vt 0.256994 0.813924
vt 0.086608 0.708820
vt 0.078626 0.667453
vt 0.101425 0.701601
vt 0.220274 0.795558
vt 0.072539 0.791066
vt 0.126108 0.841953
vt 0.104398 0.836983
vt 0.149244 0.848397
vt 0.136765 0.688731
vt 0.176719 0.685148
vt 0.197838 0.825613
vt 0.160922 0.766431
vt 0.154918 0.778713
vt 0.132540 0.761867
vt 0.140220 0.753463
vt 0.133108 0.772184
vt 0.142978 0.780516
vt 0.153517 0.753597
vt 0.066416 0.757811
vt 0.097030 0.746148
vt 0.073342 0.733238
vt 0.204558 0.756587
vt 0.192502 0.731427
vt 0.069291 0.786244
vt 0.094945 0.779520
vt 0.171284 0.714845
vt 0.143627 0.711266
vt 0.165237 0.821545
vt 0.113435 0.724251
vt 0.107879 0.700076
vt 0.202577 0.783551
vt 0.155086 0.754035
vt 0.109081 0.808045
vt 0.124953 0.818644
vt 0.146564 0.822966
vt 0.106619 0.806358
vt 0.092958 0.782497
vt 0.198905 0.788398
vt 0.135693 0.710921
vt 0.168174 0.818724
vt 0.186519 0.806602
vt 0.157881 0.710926
vt 0.069071 0.752817
vt 0.175483 0.692638
vt 0.057863 0.944696
vt 0.060293 0.942068
vt 0.059637 0.947839
vt 0.063065 0.947690
vt 0.064204 0.944093
vt 0.064078 0.941737
vt 0.135563 0.931100
vt 0.133206 0.931276
vt 0.132762 0.936364
vt 0.131277 0.933814
vt 0.134613 0.937671
vt 0.136980 0.936402
vt 0.137104 0.932967
vt 0.178604 0.878374
vt 0.172072 0.846388
vt 0.143555 0.883417
vt 0.070352 0.681579
vt 0.096925 0.704189
vt 0.107359 0.658560
vt 0.138961 0.686007
vt 0.130769 0.848836
vt 0.112461 0.877687
vt 0.101808 0.835999
vt 0.080410 0.813944
vt 0.053145 0.830863
vt 0.260605 0.792693
vt 0.226985 0.791434
vt 0.242697 0.834478
vt 0.205955 0.826523
vt 0.210315 0.866118
vt 0.249107 0.707186
vt 0.219656 0.672733
vt 0.220101 0.721375
vt 0.033894 0.802045
vt 0.068193 0.785157
vt 0.175942 0.652830
vt 0.195394 0.697703
vt 0.081489 0.866265
vt 0.044344 0.721057
vt 0.078762 0.802135
vt 0.207339 0.713538
vt 0.071953 0.757019
vt 0.229000 0.749934
vt 0.070054 0.747329
vt 0.091147 0.715205
vt 0.175718 0.841802
vt 0.227533 0.770701
vt 0.220066 0.800485
vt 0.122121 0.692976
vt 0.137659 0.845328
vt 0.139258 0.756735
vt 0.152709 0.753708
vt 0.145896 0.782155
vt 0.135567 0.771089
vt 0.218348 0.725686
vt 0.252977 0.721081
vt 0.226509 0.682217
vt 0.113722 0.877729
vt 0.116356 0.841777
vt 0.082512 0.863546
vt 0.188857 0.696065
vt 0.190800 0.659073
vt 0.157806 0.650578
vt 0.156280 0.684681
vt 0.209675 0.861930
vt 0.178476 0.842861
vt 0.181024 0.877468
vt 0.122443 0.652610
vt 0.114550 0.689900
vt 0.078852 0.672312
vt 0.222384 0.799466
vt 0.217143 0.823334
vt 0.258729 0.801337
vt 0.049082 0.705652
vt 0.086948 0.709102
vt 0.229727 0.768615
vt 0.068780 0.792058
vt 0.034282 0.789134
vt 0.050411 0.831657
vt 0.067729 0.744568
vt 0.033785 0.745174
vt 0.090419 0.824903
vt 0.245619 0.833615
vt 0.095347 0.707413
vt 0.224770 0.774472
vt 0.071315 0.783710
vt 0.185405 0.834259
vt 0.136765 0.688731
vt 0.150959 0.780291
vt 0.160633 0.770697
vt 0.148099 0.752057
vt 0.134797 0.758513
vt 0.159201 0.758624
vt 0.135611 0.774995
vt 0.170364 0.818934
vt 0.097030 0.746148
vt 0.198402 0.793888
vt 0.198646 0.740664
vt 0.094945 0.779520
vt 0.168958 0.687149
vt 0.175740 0.717431
vt 0.102837 0.831781
vt 0.109081 0.808045
vt 0.132878 0.821731
vt 0.143627 0.711266
vt 0.113435 0.724251
vt 0.163079 0.766500
vt 0.157324 0.779935
vt 0.106620 0.806359
vt 0.124953 0.818644
vt 0.202659 0.761370
vt 0.091265 0.755374
vt 0.099690 0.735038
vt 0.092962 0.782425
vt 0.198904 0.788398
vt 0.115248 0.719389
vt 0.186519 0.806602
vt 0.168174 0.818724
vt 0.157881 0.710926
vt 0.135693 0.710921
vt 0.146564 0.822966
vt 0.073233 0.738043
vt 0.219823 0.736137
vt 0.061261 0.941946
vt 0.058349 0.944418
vt 0.059572 0.947622
vt 0.062000 0.949254
vt 0.063765 0.947611
vt 0.064555 0.945688
vt 0.064099 0.942574
vt 0.131462 0.934792
vt 0.132698 0.932427
vt 0.133878 0.937404
vt 0.137411 0.935707
vt 0.136841 0.932131
vt 0.135395 0.930324
vt 0.044864 0.719832
vt 0.088734 0.712169
vt 0.066688 0.683200
vt 0.167079 0.882063
vt 0.180607 0.844086
vt 0.142630 0.849568
vt 0.107894 0.659174
vt 0.123046 0.689328
vt 0.140909 0.652230
vt 0.155200 0.685391
vt 0.174955 0.653181
vt 0.181820 0.690388
vt 0.217007 0.671795
vt 0.054250 0.832540
vt 0.081059 0.812335
vt 0.033770 0.789830
vt 0.249115 0.704605
vt 0.211518 0.712128
vt 0.226201 0.741018
vt 0.034270 0.754950
vt 0.067540 0.762911
vt 0.235697 0.842855
vt 0.213703 0.817614
vt 0.213098 0.866020
vt 0.201935 0.708975
vt 0.070626 0.765262
vt 0.077706 0.734976
vt 0.212345 0.813848
vt 0.174535 0.840686
vt 0.231266 0.778138
vt 0.225210 0.785867
vt 0.095703 0.709663
vt 0.112228 0.841150
vt 0.078762 0.802136
vt 0.145878 0.754010
vt 0.160806 0.758921
vt 0.163380 0.771247
vt 0.156600 0.780400
vt 0.134938 0.767417
vt 0.143280 0.780873
vt 0.191001 0.658833
vt 0.198732 0.702580
vt 0.229393 0.685091
vt 0.157806 0.650578
vt 0.149831 0.684169
vt 0.206748 0.819555
vt 0.219870 0.855708
vt 0.241993 0.833273
vt 0.229721 0.766633
vt 0.223312 0.799855
vt 0.262996 0.790746
vt 0.068985 0.740650
vt 0.088434 0.708307
vt 0.047868 0.702475
vt 0.262437 0.754981
vt 0.225261 0.734918
vt 0.091793 0.827024
vt 0.056928 0.840431
vt 0.080773 0.861606
vt 0.031611 0.765395
vt 0.036907 0.734257
vt 0.078905 0.667256
vt 0.115471 0.688900
vt 0.122355 0.648010
vt 0.148306 0.849744
vt 0.124937 0.884442
vt 0.159384 0.885881
vt 0.118091 0.844100
vt 0.102329 0.700989
vt 0.224816 0.773994
vt 0.141045 0.844485
vt 0.175768 0.692751
vt 0.178140 0.838703
vt 0.179930 0.842780
vt 0.138584 0.688509
vt 0.133883 0.759734
vt 0.143771 0.751980
vt 0.161105 0.762474
vt 0.159280 0.773693
vt 0.154848 0.754220
vt 0.136258 0.775773
vt 0.149621 0.780938
vt 0.195137 0.798104
vt 0.094738 0.757706
vt 0.195166 0.736079
vt 0.165551 0.713244
vt 0.128173 0.819462
vt 0.205513 0.767659
vt 0.165238 0.821545
vt 0.130192 0.820063
vt 0.157581 0.821902
vt 0.173449 0.716974
vt 0.193932 0.735105
vt 0.103177 0.801862
vt 0.202659 0.761368
vt 0.103153 0.731076
vt 0.091265 0.755376
vt 0.091236 0.777349
vt 0.196030 0.793258
vt 0.177938 0.813555
vt 0.146788 0.709840
vt 0.124746 0.714270
vt 0.068638 0.794868
vt 0.219736 0.735925
vt 0.072539 0.791066
vt 0.201617 0.709410
vt 0.130722 0.933616
vt 0.145009 0.883173
vt 0.188719 0.875131
vt 0.103773 0.873845
vt 0.074194 0.856072
vt 0.033871 0.778122
vt 0.033976 0.742585
vt 0.226598 0.682285
vt 0.206314 0.708457
vt 0.103598 0.874069
vt 0.147906 0.881985
vt 0.191232 0.656937
vt 0.190533 0.874698
vt 0.061411 0.851503
vt 0.029650 0.790047
vt 0.219823 0.736137
vt 0.188598 0.807854
vt 0.132878 0.821731
vt 0.262302 0.748491
vt 0.140909 0.652231
vt 0.031141 0.766372
vt 0.149074 0.883036
vt 0.142598 0.849501
vt 0.265493 0.766975
vt 0.205513 0.767659
vt 0.102253 0.872890
vt 0.134107 0.882642
vt 0.074486 0.855725
vt 0.265499 0.769202
vt 0.260367 0.737109
vt 0.255678 0.814356
vt 0.254697 0.718892
vt 0.037613 0.810886
vt 0.192986 0.876260
vt 0.069111 0.752618
vt 0.099856 0.794939
vt 0.132779 0.713547
vt 0.109345 0.727485
vt 0.059133 0.942821
vt 0.058198 0.945390
vt 0.060109 0.947840
vt 0.064046 0.946407
vt 0.062427 0.949219
vt 0.063578 0.942821
vt 0.133568 0.931405
vt 0.131961 0.934547
vt 0.133836 0.937253
vt 0.136092 0.938267
vt 0.137055 0.935727
vt 0.137025 0.931951
vt 0.138824 0.933904
vt 0.129656 0.653266
vt 0.128423 0.686205
vt 0.155200 0.685391
vt 0.173885 0.652354
vt 0.181820 0.690388
vt 0.216808 0.672770
vt 0.082368 0.815576
vt 0.069021 0.782286
vt 0.040087 0.812256
vt 0.209478 0.709899
vt 0.247681 0.705665
vt 0.228094 0.738065
vt 0.231421 0.769401
vt 0.263544 0.768135
vt 0.264871 0.735947
vt 0.034366 0.743338
vt 0.033348 0.778175
vt 0.066678 0.750824
vt 0.066797 0.847835
vt 0.201935 0.708975
vt 0.075504 0.742201
vt 0.083423 0.718841
vt 0.106076 0.696532
vt 0.112228 0.841150
vt 0.082213 0.809625
vt 0.134816 0.771859
vt 0.136435 0.760619
vt 0.155188 0.780899
vt 0.141960 0.780473
vt 0.136325 0.847681
vt 0.091986 0.828091
vt 0.100307 0.874335
vt 0.190322 0.695700
vt 0.211504 0.713458
vt 0.212792 0.668785
vt 0.179162 0.842600
vt 0.147599 0.881564
vt 0.152582 0.684358
vt 0.168930 0.653289
vt 0.123814 0.650032
vt 0.114587 0.689745
vt 0.229721 0.766509
vt 0.224230 0.796486
vt 0.263252 0.778465
vt 0.262950 0.742752
vt 0.223538 0.734493
vt 0.030182 0.764776
vt 0.067177 0.755786
vt 0.036253 0.734073
vt 0.039904 0.810227
vt 0.062392 0.852454
vt 0.078538 0.667515
vt 0.066886 0.785817
vt 0.246472 0.698823
vt 0.212283 0.810383
vt 0.203493 0.825722
vt 0.090350 0.707399
vt 0.102329 0.700989
vt 0.224770 0.774471
vt 0.219779 0.736030
vt 0.126064 0.841847
vt 0.163467 0.843491
vt 0.138584 0.688509
vt 0.154601 0.778261
vt 0.161212 0.765047
vt 0.132937 0.771171
vt 0.141096 0.780150
vt 0.137425 0.756031
vt 0.153512 0.753712
vt 0.094946 0.779523
vt 0.195166 0.736079
vt 0.223005 0.740005
vt 0.226004 0.778499
vt 0.198401 0.793889
vt 0.221517 0.803733
vt 0.165551 0.713244
vt 0.113693 0.811679
vt 0.176220 0.845060
vt 0.149256 0.823417
vt 0.142630 0.849568
vt 0.102845 0.737335
vt 0.179980 0.814935
vt 0.163284 0.768001
vt 0.157251 0.755194
vt 0.168529 0.714147
vt 0.186909 0.726472
vt 0.110885 0.809620
vt 0.135549 0.821868
vt 0.093126 0.782411
vt 0.091264 0.755375
vt 0.099689 0.735039
vt 0.200467 0.750107
vt 0.202283 0.777530
vt 0.120337 0.716888
vt 0.178201 0.813379
vt 0.193773 0.797853
vt 0.146788 0.709840
vt 0.157581 0.821902
vt 0.092014 0.823450
vt 0.054726 0.701392
vt 0.192036 0.875216
vt 0.227136 0.851716
vt 0.203578 0.828208
vt 0.253669 0.813262
vt 0.085963 0.670240
vt 0.145140 0.883235
vt 0.102619 0.873242
vt 0.146169 0.753115
vt 0.227461 0.847596
vt 0.255308 0.812028
vt 0.046353 0.701274
vt 0.077220 0.721573
vt 0.073498 0.795559
vt 0.192540 0.876451
vt 0.205513 0.767659
vt 0.132779 0.713547
vn 0.8203 0.2872 -0.4947
vn 0.7050 0.6771 -0.2109
vn 0.8663 0.4994 0.0103
vn 0.6960 0.3635 -0.6192
vn -0.0948 0.7961 -0.5977
vn 0.4780 -0.3253 -0.8159
vn 0.0571 0.1625 -0.9851
vn 0.8519 -0.5234 0.0169
vn 0.4203 -0.9056 0.0568
vn 0.3850 -0.8712 -0.3045
vn 0.4120 0.4690 0.7813
vn -0.2531 -0.1012 0.9621
vn 0.6951 0.0964 0.7125
vn 0.3708 0.9258 0.0733
vn 0.1559 0.8178 0.5539
vn 0.8004 0.0766 0.5946
vn 0.0981 0.2978 0.9496
vn 0.7609 0.4815 0.4349
vn 0.7407 -0.3332 0.5834
vn 0.0117 -0.2966 0.9549
vn -0.4784 -0.7773 0.4085
vn 0.8247 -0.3258 -0.4623
vn -0.2465 -0.8767 -0.4131
vn -0.1938 0.8983 -0.3943
vn 0.1310 0.8721 0.4715
vn 0.8937 -0.3120 0.3223
vn -0.1904 -0.1087 -0.9757
vn 0.0542 0.2898 -0.9556
vn -0.6784 -0.4055 -0.6127
vn 0.1078 -0.8506 -0.5147
vn -0.7354 -0.6587 -0.1590
vn -0.2168 0.1146 -0.9695
vn 0.1604 -0.3680 -0.9159
vn -0.8011 -0.0754 -0.5937
vn -0.6714 0.5248 -0.5232
vn -0.8349 0.5184 -0.1848
vn -0.0941 0.9432 -0.3185
vn 0.2651 0.5506 -0.7916
vn -0.7820 0.6095 0.1305
vn -0.8513 0.4439 0.2799
vn -0.6363 0.5685 0.5215
vn 0.0391 0.4461 0.8941
vn 0.1489 0.9522 0.2668
vn -0.8465 0.0505 0.5300
vn -0.5837 -0.0429 0.8109
vn -0.3833 -0.7624 0.5213
vn -0.8336 -0.5360 -0.1333
vn 0.3244 0.6266 -0.7086
vn 0.1327 -0.2680 -0.9542
vn -0.0544 0.5206 0.8521
vn -0.6486 -0.5222 0.5537
vn 0.3282 -0.8390 0.4341
vn -0.8439 0.4419 -0.3042
vn -0.0622 -0.8426 0.5349
vn -0.6605 -0.2669 -0.7018
vn -1.0000 -0.0000 0.0012
vn -0.6822 0.5726 -0.4547
vn -0.6684 0.0279 0.7432
vn -1.0000 -0.0008 -0.0020
vn -1.0000 0.0007 -0.0021
vn -1.0000 -0.0003 0.0001
vn -0.6677 -0.7340 0.1241
vn -1.0000 0.0009 -0.0014
vn -1.0000 0.0013 0.0008
vn -0.6854 0.6872 0.2408
vn -1.0000 -0.0003 -0.0011
vn 0.6319 0.4280 0.6461
vn 0.6387 0.7196 0.2725
vn 0.4600 0.6786 0.5726
vn 0.6802 0.3404 -0.6492
vn 1.0000 0.0000 0.0006
vn 0.6781 -0.4027 -0.6149
vn 1.0000 0.0003 -0.0002
vn 0.6754 -0.4125 0.6113
vn 0.6798 -0.7334 -0.0016
vn 0.6726 0.3490 0.6526
vn 1.0000 -0.0005 -0.0005
vn 0.6816 0.7317 -0.0101
vn -0.9080 -0.3774 -0.1821
vn -0.4980 0.8011 -0.3320
vn -0.4221 0.8992 0.1156
vn -0.5834 -0.2030 -0.7864
vn -0.1240 0.8492 -0.5133
vn -0.7420 -0.2364 0.6273
vn -0.1452 0.9245 0.3524
vn 0.1257 -0.3286 0.9360
vn -0.7029 0.6213 -0.3462
vn -0.6837 0.7263 0.0717
vn 0.2760 0.8943 0.3522
vn 0.8996 -0.3120 0.3054
vn -0.0045 -0.7052 0.7090
vn -0.2341 0.6451 -0.7274
vn -0.2861 -0.6478 -0.7060
vn 0.5084 -0.8215 0.2584
vn 0.7813 -0.6021 -0.1644
vn -0.7519 -0.6566 -0.0599
vn 0.6835 0.6227 0.3808
vn 0.6742 0.4669 0.5722
vn 0.6528 0.2010 0.7304
vn -0.7339 -0.5176 -0.4398
vn -0.8047 -0.3492 -0.4801
vn -0.6481 0.2093 0.7323
vn 0.7019 -0.6180 0.3542
vn 0.1946 -0.7788 0.5963
vn 0.3349 -0.6711 0.6615
vn -0.6838 0.4654 0.5620
vn -0.6492 0.6031 0.4635
vn -0.8110 -0.5176 -0.2725
vn -0.6794 0.6958 0.2329
vn 0.7430 -0.5094 -0.4341
vn 0.6738 -0.3976 -0.6228
vn 0.1854 -0.6450 -0.7413
vn -0.1888 -0.7810 0.5953
vn 0.0004 -0.7038 0.7104
vn 0.1040 -0.6763 0.7293
vn -0.7044 -0.6252 -0.3360
vn -0.6187 -0.5710 -0.5396
vn -0.6572 -0.7489 -0.0851
vn -0.6384 -0.7434 0.1994
vn 0.6465 -0.2381 0.7248
vn 0.6631 -0.5503 0.5074
vn 0.0000 0.0000 0.0000
vn 0.4472 -0.8944 0.0000
vn 0.0021 -1.0000 -0.0023
vn 0.8641 -0.0162 -0.5031
vn 0.3024 0.8736 -0.3812
vn 0.1561 -0.2933 -0.9432
vn 0.3286 0.8275 0.4553
vn 0.7607 0.0755 0.6447
vn 0.7030 0.6224 -0.3440
vn 0.6011 0.7927 0.1016
vn -0.2710 0.8938 0.3574
vn 0.4427 -0.6889 -0.5739
vn 0.2492 0.6489 -0.7189
vn -0.7726 -0.6142 -0.1606
vn -0.5055 -0.8230 0.2591
vn 0.7509 -0.6567 -0.0702
vn -0.9070 -0.3074 0.2877
vn -0.6762 0.6927 0.2509
vn 0.7372 -0.3654 -0.5684
vn 0.7702 -0.4959 -0.4011
vn 0.6768 0.4671 0.5690
vn -0.7017 -0.6176 0.3551
vn -0.3348 -0.6713 0.6612
vn 0.7611 -0.5877 -0.2745
vn 0.6762 0.6990 0.2327
vn 0.6838 0.7261 0.0724
vn -0.7510 -0.5605 -0.3490
vn -0.6799 0.4633 0.5684
vn -0.6581 0.6475 0.3843
vn -0.7765 -0.4131 -0.4758
vn -0.6299 -0.5790 -0.5176
vn -0.6529 0.2012 0.7302
vn 0.6471 -0.5822 -0.4922
vn -0.0000 -1.0000 0.0000
vn -0.0993 -0.6785 0.7279
vn -0.1041 -0.6768 0.7288
vn 0.6349 0.6041 0.4815
vn 0.7120 -0.6293 -0.3115
vn 0.9942 0.0886 -0.0611
vn 0.6932 0.6652 -0.2776
vn 0.8669 0.4985 -0.0014
vn -0.1410 0.6170 -0.7743
vn -0.1370 0.9804 -0.1415
vn 0.7416 0.3026 -0.5987
vn -0.0099 0.0136 -0.9999
vn 0.6231 -0.2584 -0.7383
vn 0.7663 -0.3308 -0.5507
vn 0.7814 -0.5713 -0.2509
vn 0.8683 -0.4938 0.0470
vn 0.5853 -0.7959 0.1546
vn -0.1413 -0.9588 -0.2466
vn 0.6677 -0.5131 0.5394
vn -0.0237 -0.3716 0.9281
vn -0.3428 -0.8238 0.4515
vn 0.3771 0.1123 0.9194
vn 0.3593 0.8248 0.4366
vn 0.7682 0.4730 0.4314
vn 0.0724 0.3907 -0.9176
vn -0.1503 -0.5226 -0.8392
vn 0.7677 0.0637 0.6376
vn 0.0981 0.2977 0.9496
vn 0.8827 -0.3252 0.3393
vn 0.1672 -0.4587 0.8727
vn 0.4126 -0.7771 0.4752
vn -0.2451 0.8788 -0.4094
vn 0.1304 0.8723 0.4713
vn -0.7940 -0.4611 -0.3961
vn -0.0938 -0.9647 -0.2462
vn -0.7373 -0.6617 0.1366
vn -0.3842 0.6458 -0.6598
vn -0.1624 0.3108 -0.9365
vn -0.3803 -0.1289 -0.9159
vn -0.7370 0.6472 -0.1946
vn 0.0620 0.9978 -0.0214
vn -0.6664 0.5458 0.5080
vn 0.3333 0.4756 0.8141
vn 0.0461 0.9155 0.3997
vn -0.8660 0.4617 0.1923
vn -0.6792 -0.0507 0.7322
vn -0.8439 0.0327 0.5355
vn 0.0231 0.2042 0.9787
vn 0.1056 -0.3636 0.9255
vn -0.2371 -0.6584 0.7143
vn 0.2126 -0.9351 0.2836
vn -0.7506 -0.1377 -0.6462
vn 0.1639 -0.2049 -0.9650
vn -0.7779 0.4476 -0.4410
vn 0.0379 0.7389 -0.6728
vn 0.0371 0.5476 0.8359
vn -0.0126 0.9897 -0.1428
vn -0.8442 -0.5025 -0.1867
vn -0.7559 -0.4849 0.4399
vn 0.3281 -0.8390 0.4341
vn -0.8440 0.4417 -0.3043
vn -0.0622 -0.8426 0.5350
vn -0.6708 -0.4419 0.5956
vn -1.0000 0.0005 -0.0006
vn -1.0000 0.0004 -0.0006
vn 0.6668 -0.2304 0.7087
vn 1.0000 -0.0003 -0.0018
vn 0.6756 0.6305 0.3822
vn 1.0000 0.0005 0.0012
vn 0.6770 -0.7333 -0.0626
vn 0.6709 -0.1592 -0.7242
vn 1.0000 -0.0001 0.0009
vn 0.6811 0.6048 -0.4126
vn 1.0000 -0.0006 -0.0001
vn 1.0000 0.0010 -0.0012
vn -0.9161 -0.3606 -0.1752
vn -0.5006 0.7968 -0.3384
vn -0.3740 0.9203 0.1150
vn -0.5996 -0.1502 -0.7860
vn -0.1243 0.8672 -0.4823
vn 0.1893 -0.3337 -0.9235
vn -0.7020 0.6221 -0.3467
vn -0.2288 0.6442 -0.7298
vn -0.4408 -0.6905 -0.5735
vn 0.5085 -0.8212 0.2592
vn 0.7812 -0.6024 -0.1641
vn -0.7518 -0.6566 -0.0598
vn 0.7015 -0.6186 0.3539
vn 0.1943 -0.7796 0.5954
vn 0.3357 -0.6714 0.6607
vn -0.6838 0.4654 0.5619
vn -0.6493 0.6030 0.4635
vn 0.7430 -0.5094 -0.4342
vn 0.6836 0.6226 0.3808
vn 0.6738 -0.3977 -0.6228
vn 0.2089 -0.6458 -0.7344
vn -0.2245 -0.6538 -0.7226
vn -0.1884 -0.7815 0.5948
vn 0.0005 -0.7039 0.7103
vn -0.7105 -0.6301 -0.3133
vn 0.1039 -0.6762 0.7293
vn -0.6572 -0.7489 -0.0852
vn -0.4472 0.8944 -0.0000
vn 0.0000 1.0000 0.0000
vn -0.0993 0.6785 0.7279
vn -0.0024 -0.7122 0.7019
vn 0.0028 -1.0000 -0.0009
vn 0.9018 -0.3011 0.3100
vn 0.6730 0.4676 0.5731
vn 0.8660 -0.4489 -0.2203
vn 0.2298 0.9377 -0.2605
vn -0.2694 0.8946 0.3566
vn 0.3655 0.8842 0.2908
vn -0.0718 0.9450 0.3190
vn 0.7016 0.6220 -0.3478
vn 0.4117 0.8995 0.1462
vn 0.4456 -0.6889 -0.5717
vn 0.2442 0.6497 -0.7199
vn -0.5059 -0.8229 0.2586
vn 0.7509 -0.6567 -0.0703
vn -0.6463 -0.2383 0.7249
vn -0.6523 0.2013 0.7307
vn -0.6800 0.4633 0.5683
vn -0.9045 -0.3052 0.2980
vn -0.6999 -0.6193 0.3557
vn -0.3330 -0.6717 0.6617
vn -0.7510 -0.5605 -0.3491
vn -0.6581 0.6476 0.3842
vn -0.6299 -0.5790 -0.5177
vn 0.6471 -0.5823 -0.4922
vn -0.1024 -0.6774 0.7285
vn 0.6350 0.6041 0.4815
vn 0.4652 0.8623 0.2003
vn 0.4279 0.8196 -0.3810
vn -0.5009 0.8581 0.1133
vn 0.8440 0.5288 -0.0893
vn 0.7606 0.3494 -0.5472
vn 0.7856 -0.1415 -0.6023
vn 0.7023 -0.5260 -0.4796
vn 0.3869 -0.0706 -0.9194
vn 0.7964 -0.5777 -0.1788
vn 0.3328 -0.0583 0.9412
vn -0.1742 -0.6008 0.7802
vn 0.6676 -0.5605 0.4901
vn 0.8200 -0.0225 0.5719
vn 0.4396 0.2593 0.8600
vn 0.5423 0.6896 0.4800
vn -0.4372 0.5577 0.7056
vn 0.8765 0.4776 0.0608
vn -0.1331 -0.6149 -0.7773
vn 0.8894 -0.3084 0.3374
vn 0.1068 -0.3969 0.9116
vn -0.1136 -0.9911 0.0690
vn -0.0096 0.2282 -0.9736
vn -0.1997 0.8963 -0.3960
vn -0.2296 0.4822 0.8454
vn 0.7018 -0.4765 0.5295
vn -0.8516 -0.4763 -0.2190
vn -0.7640 -0.6193 -0.1808
vn -0.3852 -0.9124 0.1382
vn -0.6381 -0.4619 -0.6161
vn 0.1682 -0.8738 -0.4563
vn -0.8004 0.0494 -0.5974
vn -0.7053 0.1163 -0.6994
vn 0.1032 -0.3131 -0.9441
vn 0.1008 0.4372 -0.8937
vn -0.3781 0.7928 -0.4779
vn -0.8435 0.4347 0.3155
vn -0.4373 0.8943 -0.0945
vn -0.8196 0.5444 -0.1783
vn -0.7296 0.4656 0.5009
vn -0.0719 0.8993 0.4315
vn -0.8700 0.0434 0.4912
vn -0.3697 -0.1535 0.9164
vn -0.0042 0.4115 0.9114
vn -0.7750 -0.4149 0.4767
vn -0.8086 -0.5042 0.3031
vn 0.1119 -0.7655 0.6337
vn 0.1680 -0.1456 -0.9750
vn 0.4439 0.5244 -0.7266
vn -0.1543 0.8503 0.5031
vn 0.0334 -0.9559 0.2919
vn 0.1303 -0.4379 0.8895
vn 0.1085 -0.6332 0.7663
vn -0.8437 0.4422 -0.3042
vn 0.3249 -0.7891 0.5213
vn -0.6648 -0.1740 -0.7265
vn -1.0000 -0.0005 0.0005
vn -0.6646 0.5838 -0.4664
vn -1.0000 -0.0014 -0.0001
vn -0.6723 -0.3136 0.6706
vn -1.0000 -0.0003 -0.0010
vn -1.0000 0.0010 -0.0004
vn -0.6663 -0.7352 -0.1247
vn -1.0000 0.0012 0.0003
vn 1.0000 -0.0000 0.0003
vn 0.6772 0.1192 -0.7261
vn 0.6850 0.6523 -0.3244
vn 1.0000 0.0002 0.0004
vn 0.6765 -0.5520 -0.4875
vn 0.6852 -0.7021 0.1938
vn 1.0000 0.0002 -0.0004
vn 0.6783 -0.1981 0.7076
vn 0.6704 0.6028 0.4327
vn 1.0000 -0.0007 -0.0004
vn 1.0000 0.0003 0.0002
vn -0.9240 -0.3822 -0.0132
vn -0.4628 0.8536 -0.2393
vn -0.4645 0.8467 0.2593
vn -0.4923 -0.5195 -0.6984
vn -0.0297 0.8559 -0.5162
vn -0.7021 0.6221 -0.3463
vn -0.6836 0.7262 0.0723
vn 0.2755 0.8948 0.3514
vn -0.1402 0.7953 0.5898
vn -0.2269 0.6438 -0.7307
vn -0.4413 -0.6907 -0.5728
vn -0.7106 -0.6295 -0.3144
vn -0.7696 -0.6285 -0.1130
vn 0.5090 -0.8211 0.2584
vn 0.7507 -0.6349 -0.1825
vn -0.8167 -0.5011 -0.2861
vn 0.7011 -0.6193 0.3534
vn 0.1949 -0.7794 0.5955
vn 0.3355 -0.6716 0.6606
vn -0.6425 0.2198 0.7340
vn -0.6858 0.4649 0.5600
vn -0.6488 0.6033 0.4638
vn -0.6794 0.6957 0.2333
vn 0.6837 0.6225 0.3808
vn 0.6773 0.4655 0.5697
vn 0.7915 -0.4667 -0.3945
vn 0.6450 -0.2386 0.7260
vn 0.6249 -0.7090 -0.3268
vn 0.6786 -0.3932 -0.6205
vn -0.1880 -0.7815 0.5949
vn 0.0006 -0.7040 0.7102
vn 0.1039 -0.6763 0.7293
vn -0.6186 -0.5721 -0.5385
vn 0.6631 -0.5504 0.5074
vn 0.6665 -0.7238 0.1785
vn -0.6384 -0.7434 0.1995
vn 0.8944 0.4472 -0.0000
vn 1.0000 -0.0000 0.0000
vn 0.6785 0.0993 0.7279
vn 0.0037 -1.0000 -0.0014
vn -0.0068 -0.6925 0.7213
vn 0.9012 -0.3056 0.3072
vn -0.8238 -0.3450 -0.4499
vn 0.6580 0.1874 0.7293
vn -0.2275 -0.6541 -0.7213
vn 0.6537 0.0852 0.7519
vn 0.4153 0.8259 0.3812
vn 0.8404 -0.5248 0.1356
vn 0.4070 0.8985 -0.1644
vn 0.5774 -0.3170 -0.7524
vn 0.0757 -0.1891 0.9790
vn 0.7030 0.6226 -0.3439
vn -0.2712 0.8937 0.3574
vn 0.4444 -0.6892 -0.5724
vn 0.2528 0.6497 -0.7169
vn -0.5067 -0.8225 0.2584
vn -0.9055 -0.3085 0.2913
vn 0.7256 -0.3737 -0.5778
vn 0.7881 -0.4699 -0.3977
vn 0.6480 0.2093 0.7323
vn -0.7049 -0.6160 0.3517
vn -0.3391 -0.6712 0.6592
vn 0.6846 0.4634 0.5626
vn 0.6353 0.6035 0.4819
vn 0.7613 -0.5871 -0.2752
vn 0.6837 0.7261 0.0725
vn -0.7595 -0.5490 -0.3488
vn -0.6800 0.4631 0.5684
vn -0.6581 0.6474 0.3843
vn -0.7611 -0.4066 -0.5054
vn -0.6352 -0.5729 -0.5179
vn 0.2019 -0.6470 -0.7353
vn -0.1241 -0.9923 0.0000
vn -0.1827 -0.6609 0.7279
vn -0.1042 -0.6770 0.7286
vn 0.7121 -0.6292 -0.3116
vn 0.6871 0.7248 -0.0518
vn -0.3563 0.9103 -0.2106
vn -0.0684 0.9268 0.3693
vn 0.5681 0.6899 -0.4487
vn 0.8769 0.4736 -0.0820
vn 0.7595 0.3577 -0.5433
vn 0.3195 0.5315 -0.7845
vn 0.7649 -0.2119 -0.6083
vn 0.8810 -0.1161 -0.4587
vn -0.1465 -0.3398 -0.9290
vn 0.0912 0.1679 -0.9816
vn 0.0625 -0.7842 -0.6173
vn 0.8850 -0.4574 -0.0874
vn 0.7519 -0.6344 -0.1792
vn 0.0298 -0.9983 0.0501
vn 0.4221 -0.7902 0.4443
vn 0.7853 -0.5559 0.2726
vn 0.3994 -0.2355 0.8860
vn -0.0174 -0.6253 0.7802
vn 0.8340 -0.0484 0.5496
vn 0.7349 0.1562 0.6600
vn 0.5797 0.6162 0.5331
vn -0.1364 0.3940 0.9089
vn -0.0823 -0.7384 -0.6693
vn -0.4273 -0.5478 0.7192
vn -0.0454 -0.3924 0.9187
vn 0.0594 0.2234 -0.9729
vn -0.2295 0.4822 0.8454
vn 0.9489 0.2924 0.1190
vn 0.8640 -0.3466 0.3652
vn -0.7499 -0.6254 -0.2159
vn -0.4239 -0.4346 -0.7946
vn 0.1340 -0.8153 -0.5633
vn -0.7569 0.0376 -0.6524
vn -0.8542 -0.4450 -0.2688
vn -0.4053 0.4222 -0.8108
vn -0.0920 0.0512 -0.9944
vn -0.7643 0.4861 -0.4238
vn -0.0187 0.9264 -0.3761
vn -0.6885 0.6874 0.2313
vn -0.8192 0.4145 0.3964
vn -0.8598 0.4797 -0.1750
vn -0.1513 0.5844 0.7972
vn 0.2724 0.9335 0.2332
vn -0.3442 0.1893 0.9196
vn -0.8658 0.0948 0.4913
vn -0.9921 -0.0888 0.0886
vn -0.7552 -0.1653 0.6343
vn 0.0979 -0.8238 0.5583
vn 0.0691 -0.4362 0.8972
vn -0.3264 -0.8598 0.3927
vn 0.0053 -1.0000 -0.0038
vn 0.1664 -0.1421 -0.9758
vn 0.4447 0.5235 -0.7268
vn -0.1542 0.8503 0.5033
vn -0.8284 -0.4599 0.3197
vn 0.0336 -0.9559 0.2918
vn 0.1311 -0.4379 0.8894
vn 0.1089 -0.6331 0.7664
vn -0.8438 0.4420 -0.3043
vn 0.3248 -0.7892 0.5212
vn -0.6750 -0.1577 0.7208
vn -1.0000 -0.0006 -0.0008
vn -1.0000 0.0008 -0.0005
vn -0.6696 0.5374 -0.5127
vn -1.0000 -0.0006 0.0007
vn -1.0000 -0.0012 0.0002
vn -0.6689 -0.7417 0.0490
vn -1.0000 0.0016 -0.0005
vn -1.0000 0.0016 -0.0000
vn 1.0000 0.0002 -0.0005
vn 0.6806 0.2799 0.6771
vn 0.6753 -0.4919 0.5496
vn 1.0000 -0.0011 0.0005
vn 0.6606 0.1570 -0.7342
vn 0.6637 0.7456 -0.0590
vn 1.0000 0.0010 0.0010
vn 0.6687 -0.6471 -0.3662
vn 1.0000 -0.0014 -0.0003
vn -0.9889 -0.1474 -0.0189
vn -0.5418 0.8149 -0.2059
vn -0.4267 0.8815 0.2019
vn 0.0012 -0.4102 -0.9120
vn 0.1976 0.9136 -0.3554
vn -0.2314 0.8358 -0.4979
vn -0.7035 0.6228 -0.3422
vn -0.6837 0.7262 0.0723
vn 0.2787 0.8943 0.3499
vn -0.0407 0.9320 0.3601
vn -0.2593 0.6515 -0.7130
vn -0.3966 -0.6766 -0.6204
vn 0.5069 -0.8225 0.2580
vn 0.7512 -0.6350 -0.1800
vn -0.7675 -0.6305 -0.1160
vn -0.8185 -0.4984 -0.2857
vn 0.7007 -0.6200 0.3531
vn 0.1955 -0.7781 0.5970
vn 0.3356 -0.6717 0.6605
vn -0.6426 0.2199 0.7340
vn -0.6494 0.6030 0.4634
vn -0.6793 0.6957 0.2335
vn 0.7899 -0.4667 -0.3978
vn 0.6836 0.6225 0.3810
vn 0.6779 -0.3945 -0.6203
vn 0.6763 0.4658 0.5707
vn 0.6581 0.1875 0.7292
vn 0.2222 0.6429 -0.7330
vn -0.1292 -0.6624 -0.7379
vn -0.1841 -0.7818 0.5958
vn 0.0010 -0.7043 0.7099
vn -0.7088 -0.6273 -0.3227
vn 0.6449 -0.2387 0.7260
vn -0.8944 -0.4472 -0.0000
vn -1.0000 0.0000 0.0000
vn -0.6785 -0.0993 0.7279
vn 0.0043 -1.0000 -0.0016
vn -0.0063 -0.7142 0.7000
vn 0.9009 -0.3054 0.3085
vn -0.8239 -0.3451 -0.4496
vn -0.6934 -0.0649 -0.7176
vn 0.3850 -0.3867 0.8380
vn 0.3973 0.8719 0.2860
vn 0.9588 -0.2118 0.1893
vn 0.5068 0.8545 -0.1143
vn 0.8159 -0.1238 -0.5648
vn 0.7022 0.6222 -0.3459
vn -0.2715 0.8935 0.3577
vn 0.4434 -0.6891 -0.5731
vn -0.5041 -0.8237 0.2596
vn -0.9069 -0.3075 0.2881
vn -0.7018 -0.6174 0.3554
vn -0.3355 -0.6710 0.6612
vn -0.6353 -0.5729 -0.5179
vn 0.2359 -0.6561 -0.7169
vn 0.7116 -0.6289 -0.3131
vn -0.1044 -0.6774 0.7281
vn 0.0795 -0.7107 -0.6990
vn 0.7580 -0.2869 0.5858
vn 0.1208 -0.8727 0.4731
vn -0.0426 -0.6352 0.7712
vn 0.2485 -0.0625 0.9666
vn 0.0858 -0.3758 0.9227
vn -0.1285 0.7845 -0.6067
vn -0.3643 0.8252 -0.4316
vn 0.0071 -0.9893 0.1458
vn 0.2735 -0.3889 0.8798
vn -0.1673 0.9422 0.2904
vn -0.1272 0.9913 -0.0351
vn -0.1812 -0.2125 0.9602
vn -0.0862 -0.9316 -0.3531
vn -0.1594 -0.9815 0.1057
vn -1.0000 0.0013 0.0016
vn -1.0000 -0.0000 0.0021
vn 1.0000 0.0003 0.0004
vn 1.0000 0.0003 0.0001
vn 0.6493 0.4675 -0.5999
vn 0.6474 0.1152 -0.7534
vn 0.5712 0.3695 -0.7330
vn 0.6500 -0.2407 -0.7208
vn 0.5558 -0.2264 -0.7999
vn 1.0000 -0.0004 -0.0007
vn 1.0000 -0.0001 -0.0005
vn 1.0000 -0.0003 0.0005
vn 1.0000 -0.0004 0.0002
vn 0.6665 -0.7239 0.1785
vn 0.6249 -0.7090 -0.3269
vn 0.6702 0.6965 0.2564
vn -0.6613 -0.5508 0.5091
vn -0.6443 -0.2233 0.7314
vn 0.9912 -0.1317 -0.0161
vn 0.6482 0.2092 0.7322
vn 0.6613 -0.5508 0.5091
vn 0.6544 -0.7250 0.2146
vn -0.6656 -0.7348 -0.1301
vn -0.6553 -0.7282 0.2010
vn 0.6444 -0.2233 0.7314
vn -0.6631 -0.5503 0.5074
vn 0.6640 -0.7364 -0.1301
vn -0.6465 -0.2381 0.7248
vn 0.0504 -0.6630 -0.7469
vn 0.4265 0.5390 0.7263
vn -0.0088 0.1744 -0.9846
vn 0.2484 -0.0626 0.9666
vn 0.4935 -0.7312 0.4710
vn 0.1965 -0.9713 0.1342
vn -0.1703 0.7772 -0.6058
vn -0.3681 0.8007 -0.4726
vn 0.1142 -0.6990 -0.7059
vn -0.1811 -0.2126 0.9602
vn -0.3098 0.8736 0.3752
vn -0.0861 -0.9315 -0.3534
vn -0.1594 -0.9815 0.1058
vn -1.0000 0.0002 0.0006
vn -0.6635 -0.3704 -0.6500
vn -0.6767 -0.7306 -0.0911
vn -1.0000 0.0003 -0.0000
vn -1.0000 -0.0004 0.0004
vn -0.6658 0.4134 -0.6211
vn -1.0000 0.0001 0.0007
vn -0.6770 0.2378 0.6965
vn -1.0000 -0.0001 -0.0003
vn -1.0000 -0.0009 0.0000
vn -0.6700 0.7343 0.1090
vn -1.0000 -0.0008 -0.0002
vn 0.6791 0.4481 -0.5814
vn 0.6572 0.1905 -0.7293
vn 0.3181 0.4195 -0.8502
vn 1.0000 0.0005 0.0001
vn 1.0000 -0.0003 0.0016
vn 1.0000 0.0005 -0.0018
vn 1.0000 -0.0007 -0.0005
vn -0.6882 -0.2295 0.6882
vn 0.3773 -0.2719 0.8853
vn 0.2753 0.8958 0.3489
vn 0.6248 -0.7090 -0.3269
vn 0.6701 0.6966 0.2564
vn -0.6614 -0.5508 0.5091
vn 0.4507 -0.8927 -0.0013
vn 0.6481 0.2092 0.7322
vn -0.6656 -0.7349 -0.1301
vn 0.6640 -0.7363 -0.1301
vn 0.3849 0.2705 -0.8824
vn 0.0472 0.6674 -0.7432
vn -0.1433 -0.4872 -0.8615
vn 0.0090 -0.9275 -0.3737
vn 0.3620 -0.9229 0.1311
vn -0.1470 0.7901 -0.5950
vn -0.3642 0.8253 -0.4316
vn -0.1786 -0.2272 0.9573
vn -0.1731 0.9848 0.0109
vn -0.0918 -0.9718 -0.2173
vn -1.0000 -0.0008 -0.0014
vn -0.6671 0.5729 0.4761
vn -1.0000 0.0006 0.0004
vn -1.0000 -0.0014 -0.0008
vn 1.0000 0.0002 -0.0007
vn 1.0000 -0.0007 -0.0011
vn 1.0000 -0.0012 -0.0007
vn -0.6714 0.0913 0.7354
vn 0.2577 -0.2211 -0.9406
vn 0.6700 0.6967 0.2563
vn -0.6462 -0.2230 0.7299
vn 0.6407 -0.5839 -0.4985
vn -0.6525 0.2013 0.7305
vn -0.1472 0.7901 -0.5950
vn -0.3644 0.8252 -0.4315
vn -0.1781 -0.2266 0.9576
vn -0.0918 -0.9718 -0.2174
vn -0.6790 -0.2683 -0.6834
vn -1.0000 0.0006 0.0005
vn -0.6709 0.6383 0.3774
vn -1.0000 -0.0009 -0.0006
vn 1.0000 0.0013 -0.0000
vn 1.0000 0.0017 0.0006
vn 1.0000 -0.0001 -0.0003
vn 1.0000 -0.0019 0.0006
vn -0.5634 -0.2978 0.7707
vn -0.6464 -0.2381 0.7249
vn -0.8471 0.5152 -0.1301
vn -0.8509 0.2505 -0.4618
vn -0.8549 -0.4454 -0.2659
vn -0.6863 -0.2075 -0.6971
vn -0.8129 -0.5777 0.0742
vn -0.8462 -0.3526 0.3996
vn -0.8520 0.2166 0.4766
vn -0.6888 0.6737 0.2676
vn 0.8649 0.1242 -0.4863
vn 0.8293 0.5500 -0.0989
vn 0.8424 0.2974 0.4494
vn 0.8514 -0.3395 0.3998
vn 0.8371 -0.5405 -0.0845
vn -0.0025 -0.4452 -0.8954
vn -0.7947 -0.1300 -0.5929
vn -0.0362 -0.0858 -0.9957
vn -0.0057 -0.7752 0.6317
vn -0.7791 -0.3673 0.5081
vn -0.7908 -0.5624 0.2415
vn -0.0410 -0.9991 -0.0058
vn -0.9943 -0.0788 -0.0725
vn -0.0547 -0.9476 -0.3148
vn 0.0023 0.7892 0.6141
vn -0.9920 0.0062 0.1259
vn -0.0566 0.6267 0.7772
vn -0.9993 -0.0313 0.0223
vn -0.0164 0.1957 -0.9805
vn -0.9910 0.1247 -0.0492
vn -0.0395 0.4688 -0.8824
vn -0.7953 -0.4082 -0.4481
vn -0.0126 -0.7745 -0.6324
vn 0.0201 -0.9598 0.2799
vn 0.0384 -0.4807 0.8761
vn 0.0004 -0.2051 0.9787
vn -0.5868 0.4830 0.6499
vn -0.3076 -0.4565 0.8348
vn -0.8018 0.4229 -0.4221
vn -0.4783 -0.6918 0.5409
vn -0.5784 0.2556 0.7747
vn -0.7936 0.6023 0.0867
vn -0.9980 0.0562 -0.0278
vn -0.5719 -0.8166 -0.0783
vn -0.5318 0.7252 -0.4373
vn -0.8808 0.2872 0.3766
vn -0.8801 -0.2585 -0.3982
vn -0.8804 0.2304 -0.4144
vn -0.8628 0.5043 -0.0359
vn -0.8944 -0.2343 0.3810
vn 0.7872 0.0196 0.6164
vn -0.0296 0.1246 0.9918
vn 0.8152 -0.0246 -0.5786
vn 0.7995 -0.3174 -0.5100
vn 0.8014 0.5104 0.3119
vn 0.7730 0.6285 0.0865
vn -0.0306 0.9242 0.3806
vn 0.7879 -0.6158 0.0012
vn 0.9796 -0.0934 -0.1781
vn 0.8067 0.3020 0.5080
vn -0.0346 0.3772 0.9255
vn 0.8041 -0.5241 -0.2805
vn 0.5381 0.8118 0.2267
vn 0.5105 -0.5543 -0.6574
vn 0.5270 -0.0133 0.8498
vn -0.0328 -0.8338 0.5511
vn 0.7531 0.4596 -0.4707
vn 0.9819 0.0679 -0.1770
vn 0.2079 0.9528 -0.2214
vn 0.7989 -0.4876 0.3520
vn 0.5267 -0.7857 -0.3243
vn 0.8853 0.1253 0.4478
vn 0.8589 0.4860 0.1612
vn 0.8459 -0.3150 -0.4304
vn 0.8683 -0.4909 -0.0710
vn 0.8562 0.0630 -0.5128
vn 0.8637 0.4253 -0.2705
vn 0.8743 -0.3362 0.3501
vn -0.9991 0.0424 -0.0089
vn -0.6910 0.0490 -0.7212
vn -0.9876 0.0831 0.1330
vn -0.6523 0.3703 0.6614
vn -0.6474 0.6354 0.4209
vn -0.9812 -0.1396 0.1335
vn -0.6642 -0.3720 -0.6484
vn -0.6766 0.7346 0.0499
vn -0.6374 0.7011 -0.3197
vn -0.6501 -0.6122 0.4500
vn -0.6321 0.4288 -0.6454
vn -0.5330 0.5884 -0.6080
vn -0.6397 0.0154 0.7685
vn -0.8758 -0.4807 -0.0446
vn -0.6554 -0.6775 -0.3340
vn 0.6469 -0.5704 0.5062
vn 0.6856 -0.6923 0.2251
vn 0.6498 -0.3741 0.6616
vn 0.6598 0.0432 0.7502
vn 0.6424 -0.4919 -0.5877
vn 0.6542 0.7542 -0.0564
vn 0.6405 -0.7636 -0.0817
vn 0.6529 -0.6614 -0.3692
vn 0.6478 0.6719 -0.3589
vn 0.6237 0.3110 0.7171
vn 0.6004 0.6115 -0.5154
vn -0.6284 0.5577 -0.5423
vn -0.6909 0.7091 0.1409
vn -0.9998 0.0166 -0.0101
vn -0.9424 0.0407 -0.3320
vn -0.8470 -0.2594 -0.4640
vn -0.8546 -0.5194 -0.0013
vn -1.0000 -0.0066 0.0066
vn -0.7270 -0.1820 0.6621
vn -0.6936 0.3114 0.6496
vn 0.8554 -0.4206 0.3024
vn 0.8403 -0.5284 -0.1210
vn 0.8535 0.2131 -0.4755
vn 0.8141 -0.2121 -0.5406
vn 0.8143 0.5367 -0.2213
vn 0.8656 0.4321 0.2530
vn 0.8769 -0.2104 0.4322
vn 0.0318 0.8336 -0.5515
vn -0.7969 0.4853 -0.3597
vn 0.0046 0.9618 -0.2738
vn 0.0287 -0.4852 0.8739
vn -0.7919 -0.3149 0.5232
vn -0.0122 -0.7673 0.6412
vn -0.9958 -0.0757 0.0516
vn -0.8324 0.5472 -0.0879
vn 0.0115 0.9999 -0.0049
vn -0.8052 0.5632 0.1855
vn -0.8200 0.4319 0.3756
vn -0.0400 0.7777 0.6273
vn 0.0005 -0.1230 -0.9924
vn -0.7912 -0.0160 -0.6114
vn -0.0013 0.3135 -0.9496
vn -0.9977 0.0149 -0.0665
vn 0.0073 0.6200 -0.7845
vn 0.0023 -0.7594 -0.6506
vn 0.0086 -0.9515 -0.3075
vn -0.7952 -0.4861 -0.3625
vn 0.0354 0.5614 0.8268
vn -0.7927 0.3063 0.5271
vn -0.0092 -0.9962 0.0865
vn -0.7776 -0.6063 -0.1665
vn 0.0425 0.9525 0.3015
vn -0.0040 -0.1016 0.9948
vn -0.5187 -0.5866 -0.6219
vn -0.5618 0.7315 0.3864
vn -0.5367 -0.1706 -0.8264
vn -0.9795 0.1111 -0.1681
vn -0.7947 0.0358 0.6060
vn -0.4002 0.3061 -0.8638
vn -0.5902 -0.6298 0.5050
vn -0.3195 0.2679 0.9090
vn -0.5163 -0.0991 0.8506
vn -0.1743 0.7402 -0.6494
vn -0.5097 -0.8353 0.2058
vn -0.8697 -0.2406 0.4310
vn -0.8900 -0.4559 0.0068
vn -0.8687 0.4946 -0.0265
vn -0.8972 0.2209 0.3824
vn 0.7949 -0.1220 0.5944
vn 0.9995 0.0051 -0.0316
vn 0.9884 0.0261 0.1495
vn -0.0293 -0.9259 0.3766
vn 0.7761 -0.5815 0.2439
vn 0.8042 0.5898 0.0733
vn 0.7991 -0.5993 -0.0484
vn 0.9791 -0.0904 0.1822
vn 0.7395 0.5453 0.3947
vn 0.8393 -0.4902 -0.2349
vn 0.8363 0.1990 0.5109
vn 0.7919 -0.0202 -0.6103
vn 0.7886 -0.3314 -0.5179
vn -0.0223 -0.4482 -0.8937
vn 0.9903 0.1388 0.0013
vn 0.5100 0.8006 0.3145
vn 0.5377 -0.3223 -0.7791
vn 0.4145 0.1396 0.8993
vn 0.4281 -0.8720 -0.2375
vn 0.3306 0.9318 -0.1501
vn 0.8784 0.4775 -0.0183
vn 0.8674 0.2783 0.4126
vn 0.8749 -0.4510 0.1766
vn 0.8846 -0.3542 -0.3034
vn 0.8583 -0.1354 0.4950
vn 0.8964 0.1570 -0.4145
vn -0.6295 -0.5977 0.4965
vn -0.6400 0.0588 -0.7662
vn -0.6504 -0.1215 0.7498
vn -0.6398 0.5601 0.5263
vn -0.6174 -0.3844 -0.6863
vn -0.9801 -0.0856 0.1790
vn -0.6388 0.7560 0.1430
vn -0.6297 -0.7402 -0.2358
vn -0.6467 -0.6754 -0.3545
vn -0.6388 -0.7689 0.0278
vn -0.6793 0.6674 -0.3051
vn -0.6410 0.4245 -0.6395
vn -0.8984 -0.1795 -0.4008
vn -0.8726 0.2968 -0.3880
vn 0.6613 -0.3267 0.6752
vn 0.6802 -0.5593 0.4738
vn 0.6376 -0.1534 -0.7550
vn 0.6407 0.3504 0.6832
vn 0.6486 0.5899 0.4810
vn 0.6528 -0.0075 0.7575
vn 0.6798 -0.4578 -0.5730
vn 0.6466 0.7383 0.1920
vn 0.6435 -0.6770 -0.3573
vn 0.6567 -0.7521 -0.0565
vn 0.6411 0.6796 -0.3565
vn 0.6467 0.7609 -0.0523
vn 0.6641 -0.7210 0.1978
vn 0.6072 0.5102 0.6091
vn 0.5934 0.0336 -0.8042
vn -0.8622 0.4524 0.2279
vn -0.9426 0.0603 -0.3284
vn -0.8600 -0.1812 -0.4770
vn -0.6414 0.6078 -0.4681
vn -0.6826 -0.6778 -0.2733
vn -0.8411 -0.5209 0.1454
vn -0.8412 -0.3102 0.4428
vn -0.8287 0.1280 0.5449
vn 0.8077 -0.0642 -0.5860
vn 0.8587 -0.4486 -0.2480
vn 0.8427 0.4529 -0.2910
vn 0.8391 0.3468 0.4190
vn 0.9439 0.0317 0.3287
vn 0.6958 -0.4195 0.5830
vn 0.7029 -0.6609 0.2628
vn -0.0208 -0.1286 0.9915
vn -0.7945 -0.2616 0.5481
vn 0.0223 -0.4550 0.8902
vn -0.0434 0.8807 -0.4717
vn -0.8204 0.4519 -0.3503
vn -0.9915 0.0996 0.0836
vn -0.0144 -0.7668 0.6417
vn -0.9969 -0.0668 0.0407
vn -0.0300 -0.9212 0.3880
vn -0.9695 -0.0240 0.2438
vn -0.0381 -0.9954 0.0877
vn -0.7820 -0.6208 -0.0550
vn -0.0186 -0.9563 -0.2916
vn 0.0065 0.7755 0.6313
vn -0.7660 0.4889 0.4174
vn -0.0181 0.4915 0.8707
vn -0.0105 -0.7781 -0.6280
vn -0.8039 -0.5187 -0.2912
vn -0.9958 -0.0857 -0.0330
vn 0.0043 0.1856 0.9826
vn -0.8065 0.1359 0.5754
vn 0.0317 0.3918 -0.9195
vn -0.8121 0.1844 -0.5537
vn 0.0082 0.6338 -0.7734
vn -0.5437 0.7887 0.2871
vn -0.6022 -0.2835 -0.7464
vn -0.0206 0.1177 -0.9928
vn -0.5861 -0.2625 0.7665
vn -0.5002 -0.7084 0.4980
vn -0.7786 -0.1235 -0.6152
vn -0.5867 0.0407 0.8088
vn -0.6083 0.4029 -0.6838
vn -0.9593 0.1320 -0.2496
vn -0.6215 -0.5100 -0.5947
vn -0.8974 -0.3686 0.2426
vn -0.8729 -0.4074 -0.2685
vn -0.8577 -0.0358 -0.5128
vn -0.8604 0.3418 -0.3781
vn -0.8944 0.1200 0.4309
vn -0.8818 0.4682 0.0560
vn 0.7933 -0.3357 0.5079
vn 0.8002 -0.5673 0.1948
vn 0.9899 0.1254 -0.0665
vn 0.0106 0.9267 0.3756
vn 0.8250 0.1851 0.5340
vn 0.7792 0.3995 0.4829
vn 0.7809 -0.3380 -0.5252
vn 0.9813 -0.1381 -0.1343
vn 0.8177 -0.0657 0.5719
vn 0.9523 -0.2153 -0.2161
vn 0.0305 -0.2963 -0.9546
vn -0.0525 -0.5603 -0.8266
vn 0.7939 -0.6041 -0.0690
vn 0.8119 0.5538 -0.1847
vn -0.0496 0.9814 -0.1853
vn 0.7724 0.4984 -0.3936
vn 0.5589 0.8073 0.1895
vn 0.5535 -0.3442 -0.7583
vn 0.5942 -0.7433 0.3072
vn 0.1277 0.7916 -0.5976
vn 0.5919 -0.8002 -0.0966
vn 0.8118 0.5793 0.0736
vn 0.5393 0.8283 -0.1520
vn 0.8776 -0.3210 -0.3559
vn 0.8543 -0.5171 0.0520
vn 0.8441 0.0153 0.5360
vn 0.8623 0.3732 0.3423
vn 0.8554 -0.3337 0.3962
vn 0.9074 0.1476 -0.3935
vn 0.8614 0.5032 -0.0698
vn -0.6221 -0.2263 0.7495
vn -0.6193 -0.1028 -0.7784
vn -0.6339 0.6204 0.4619
vn -0.6324 0.7746 0.0023
vn -0.6393 -0.7657 -0.0705
vn -0.6494 0.2267 0.7259
vn -0.6710 -0.6005 0.4350
vn 0.6313 -0.6350 0.4452
vn 0.6487 -0.7563 0.0846
vn 0.6341 0.5531 -0.5403
vn 0.6519 0.2169 -0.7267
vn 0.6759 -0.2803 0.6816
vn 0.6374 -0.1595 -0.7539
vn 0.6561 0.6137 0.4392
vn 0.6394 0.3693 0.6744
vn 0.6513 0.0880 0.7537
vn 0.6368 -0.5279 -0.5620
vn 0.6611 -0.7203 -0.2100
vn 0.6543 0.7147 -0.2472
vn 0.6466 0.7586 0.0796
vn 0.8791 0.3006 -0.3698
vn 0.5870 0.1033 -0.8030
vn 0.5406 0.1986 0.8175
vn 0.5846 0.3591 -0.7275
vn 0.6990 -0.3133 -0.6429
vn -0.0079 0.9549 -0.2968
vn 0.0027 0.7934 -0.6088
vn -0.0057 0.9988 0.0481
vn 0.8464 -0.2496 0.4704
vn 0.5578 0.1095 -0.8227
vn -0.6679 -0.3564 0.6533
vn -0.6442 -0.7649 -0.0034
vn 0.7135 0.2026 0.6707
vn 0.0127 0.2767 0.9609
vn 0.9899 0.0526 -0.1320
vn -0.6677 0.2103 0.7141
vn -0.0620 0.9936 0.0942
vn 0.0004 0.0936 -0.9956
vn 0.5203 0.3466 0.7805
vn -0.6446 -0.5612 -0.5191
vn -0.6679 0.6040 -0.4348
vn -0.6569 0.3296 -0.6781
vn -0.8651 0.4685 -0.1791
vn -0.5172 0.2005 -0.8320
vn -0.8714 0.1530 -0.4661
vn -0.8482 -0.2868 -0.4453
vn -0.9997 -0.0228 -0.0026
vn -0.6769 -0.7217 -0.1449
vn -0.6879 -0.6072 0.3977
vn -0.5945 -0.1051 0.7972
vn -0.9257 0.2510 0.2829
vn 0.8356 -0.5427 -0.0849
vn 0.8420 -0.1200 -0.5259
vn 0.8500 0.4254 -0.3106
vn 0.6496 0.7599 0.0227
vn 0.8640 0.3629 0.3490
vn 0.8419 -0.3169 0.4367
vn 0.6670 0.0709 0.7416
vn -0.0176 -0.8749 0.4840
vn -0.9921 -0.1139 -0.0520
vn -0.9782 -0.0415 0.2034
vn -0.0176 -0.9945 0.1028
vn -0.7815 -0.6220 -0.0498
vn -0.0275 -0.9534 -0.3005
vn -0.7858 0.4910 0.3761
vn -0.9918 0.1256 0.0234
vn 0.0007 0.6446 0.7646
vn -0.8302 -0.5031 -0.2400
vn -0.0243 -0.7790 -0.6265
vn -0.8139 -0.3598 -0.4561
vn -0.8212 -0.1195 -0.5580
vn -0.0076 -0.2966 -0.9550
vn 0.0591 -0.5551 -0.8297
vn -0.0139 0.0754 0.9971
vn -0.0215 0.3961 0.9180
vn -0.7949 0.0551 0.6042
vn 0.0121 0.8883 0.4591
vn -0.5654 0.7724 0.2894
vn -0.3975 -0.0019 -0.9176
vn -0.9516 0.2215 0.2129
vn -0.7657 -0.4240 0.4837
vn -0.9945 0.1005 -0.0280
vn -0.6324 -0.5899 -0.5021
vn -0.8519 0.2765 0.4448
vn -0.8663 -0.0896 0.4914
vn -0.8800 0.3360 -0.3355
vn -0.8632 0.4991 0.0756
vn 0.7853 0.5595 -0.2650
vn 0.7986 0.3073 -0.5175
vn -0.0263 0.7652 -0.6433
vn 0.9778 0.0437 0.2050
vn 0.9885 -0.1441 0.0457
vn -0.0155 -0.6236 0.7816
vn 0.7846 0.6183 0.0460
vn -0.0280 0.9574 -0.2874
vn 0.7841 -0.5842 0.2094
vn 0.7931 -0.6053 -0.0686
vn 0.8247 0.1937 0.5313
vn 0.7997 0.3845 0.4610
vn 0.8164 -0.0659 0.5738
vn 0.9969 -0.0544 -0.0570
vn -0.0160 0.1164 -0.9931
vn -0.0554 0.4742 -0.8787
vn 0.7836 -0.0109 -0.6212
vn -0.0386 -0.2960 0.9544
vn 0.4492 -0.6777 -0.5822
vn 0.9684 -0.0258 0.2482
vn 0.9564 -0.2538 0.1447
vn 0.5639 0.7985 0.2108
vn 0.5530 -0.3365 -0.7623
vn 0.6105 0.0588 -0.7898
vn 0.4498 -0.7237 0.5234
vn 0.4820 -0.8716 0.0887
vn 0.4645 0.8710 -0.1600
vn 0.8832 0.4482 0.1385
vn 0.8715 0.1042 0.4792
vn 0.8755 -0.0106 -0.4832
vn 0.8602 0.4009 -0.3151
vn 0.8976 -0.4019 -0.1812
vn 0.8786 -0.3508 0.3240
vn -0.6454 -0.3697 -0.6684
vn -0.6168 0.6141 0.4923
vn -0.6204 0.4822 0.6186
vn -0.4554 0.1579 0.8762
vn -0.6775 -0.1190 0.7258
vn -0.9962 -0.0125 -0.0865
vn -0.6330 0.7742 0.0032
vn -0.6416 -0.7111 -0.2875
vn -0.9964 0.0731 -0.0422
vn -0.6646 -0.7084 0.2375
vn -0.9737 0.0219 -0.2266
vn -0.6445 0.2101 -0.7352
vn -0.6918 -0.4502 0.5645
vn -0.8950 -0.1209 -0.4294
vn -0.8626 -0.4804 -0.1585
vn 0.6549 0.5993 -0.4603
vn 0.6883 0.3158 -0.6531
vn 0.6334 -0.4175 0.6516
vn 0.6510 -0.6705 0.3558
vn 0.6324 -0.0119 0.7745
vn 0.6613 0.3752 0.6496
vn 0.6587 0.5776 0.4822
vn 0.6472 -0.0186 -0.7621
vn 0.6492 -0.3638 -0.6679
vn 0.6505 0.7504 0.1171
vn 0.6554 -0.7267 -0.2059
vn 0.6630 -0.5548 -0.5026
vn 0.6460 0.7257 -0.2369
vn 0.6401 -0.7644 0.0771
vn 0.5799 -0.3538 0.7339
vn -0.9889 -0.0501 -0.1402
vn -0.0506 0.9943 0.0938
vn -0.8549 -0.4487 0.2604
vn 0.7535 -0.5043 -0.4217
vn 0.5559 -0.1292 0.8212
vn -0.6583 0.2616 0.7058
vn -0.6627 0.5900 -0.4613
usemtl Brass.001
s 1
f 187/291/86 185/292/87 213/293/88
f 185/292/87 189/294/89 186/295/90
f 187/291/86 189/294/89 185/292/87
f 194/296/91 190/297/92 189/294/89
f 197/298/93 199/299/94 196/300/95
f 209/301/96 205/302/97 206/303/98
f 214/304/99 211/305/100 209/301/96
f 207/306/101 216/307/102 215/308/103
f 203/309/104 224/310/105 207/306/101
f 197/298/93 217/311/106 203/309/104
f 191/312/107 218/313/108 197/298/93
f 213/293/88 222/314/109 187/291/86
f 215/308/103 223/315/110 213/293/88
f 216/307/102 223/315/110 215/308/103
f 217/311/111 225/316/111 224/310/111
f 187/291/86 219/317/112 191/312/107
f 220/318/113 219/317/112 187/291/86
f 231/319/114 229/320/115 228/321/116
f 236/322/117 233/323/118 231/319/114
f 234/324/119 237/325/120 231/319/114
f 239/326/121 237/325/120 234/324/119
f 237/325/120 240/327/122 238/328/123
f 243/329/124 240/327/122 237/325/120
f 239/326/121 243/329/124 237/325/120
f 245/330/125 243/329/124 239/326/121
f 246/331/126 247/332/127 242/333/128
f 245/330/125 246/331/126 243/329/124
f 248/334/129 246/331/126 245/330/125
f 249/335/130 247/332/127 246/331/126
f 248/334/129 249/335/130 246/331/126
f 248/334/129 252/336/131 249/335/130
f 230/337/132 228/321/116 252/336/131
f 234/324/119 257/338/133 239/326/121
f 261/339/134 257/338/133 234/324/119
f 245/330/125 255/340/135 248/334/129
f 230/337/132 261/339/134 234/324/119
f 253/341/136 262/342/137 230/337/132
f 257/338/138 260/343/138 259/344/138
f 253/341/136 263/345/139 262/342/137
f 301/346/140 302/347/141 297/348/142
f 299/349/143 305/350/144 306/351/145
f 297/348/142 302/347/141 303/352/146
f 300/353/147 307/354/148 308/355/149
f 298/356/150 304/357/151 299/349/143
f 394/358/152 391/359/153 351/360/154
f 353/361/155 359/362/156 358/363/157
f 365/364/158 356/365/159 357/366/160
f 355/367/161 362/368/162 354/369/163
f 398/370/164 402/371/165 401/372/166
f 440/373/167 446/374/168 402/371/165
f 397/375/169 400/376/170 442/377/171
f 401/372/166 435/378/172 404/379/173
f 402/371/165 435/378/172 401/372/166
f 403/380/174 417/381/175 473/382/176
f 418/383/177 439/384/178 435/378/172
f 433/385/179 412/386/180 436/387/181
f 414/388/182 413/389/183 407/390/184
f 410/391/185 422/392/186 423/393/187
f 406/394/188 416/395/189 419/396/190
f 423/393/187 437/397/191 409/398/192
f 421/399/193 409/398/192 408/400/194
f 411/401/195 414/388/182 420/402/196
f 418/383/177 461/403/197 439/384/178
f 416/395/189 491/404/198 460/405/199
f 412/406/180 433/407/179 406/394/188
f 404/379/173 435/378/172 436/387/181
f 405/408/200 419/396/190 416/395/189
f 441/409/201 436/387/181 435/378/172
f 423/393/187 424/410/202 438/411/203
f 423/393/187 438/411/203 426/412/204
f 407/390/184 425/413/205 430/414/206
f 431/415/207 432/416/207 405/417/207
f 431/418/208 460/405/199 432/419/209
f 432/419/209 473/382/176 417/381/175
f 409/398/192 413/420/183 414/421/182
f 422/392/186 420/422/196 424/410/202
f 441/409/201 433/385/179 436/387/181
f 421/399/193 411/423/195 410/391/185
f 411/423/195 422/392/186 410/391/185
f 445/424/210 474/425/211 399/426/212
f 447/427/213 443/428/214 442/429/171
f 475/430/215 474/425/211 448/431/216
f 403/432/174 473/433/176 476/434/217
f 462/435/218 449/436/219 475/430/215
f 464/437/220 459/438/221 454/439/222
f 458/440/223 463/441/224 476/434/217
f 483/442/225 455/443/226 468/444/227
f 491/445/198 452/446/228 451/447/229
f 467/448/230 454/439/222 466/449/231
f 466/449/231 454/439/222 486/450/232
f 465/451/233 457/452/234 464/453/220
f 464/453/220 456/454/235 463/441/224
f 464/453/220 463/441/224 458/440/223
f 478/455/236 477/456/237 457/452/234
f 457/452/234 477/456/237 479/457/238
f 485/458/239 483/442/225 468/444/227
f 459/459/221 464/453/220 458/440/223
f 486/450/232 454/439/222 475/430/215
f 471/460/240 450/461/241 472/462/240
f 451/447/229 471/463/240 450/464/242
f 458/440/223 473/433/176 452/446/228
f 472/465/240 473/433/176 460/466/199
f 455/443/226 478/467/236 465/468/233
f 457/469/234 453/470/243 456/471/235
f 459/438/221 484/472/244 454/439/222
f 483/442/225 478/467/236 455/443/226
f 463/473/224 456/471/235 466/449/231
f 491/474/198 461/403/197 462/435/218
f 494/475/245 493/476/246 519/477/247
f 493/476/246 497/478/248 492/479/249
f 494/475/245 495/480/250 493/476/246
f 495/480/250 498/481/251 497/478/248
f 495/480/250 500/482/252 498/481/251
f 501/483/253 506/484/254 500/482/252
f 504/485/255 506/484/254 501/483/253
f 507/486/256 503/487/257 506/484/254
f 504/485/255 507/486/256 506/484/254
f 509/488/258 512/489/259 508/490/260
f 509/488/258 514/491/261 512/489/259
f 519/477/247 518/492/262 520/493/263
f 494/475/264 524/494/265 501/483/253
f 515/495/266 521/496/267 520/493/263
f 501/483/253 524/494/265 504/485/255
f 510/497/268 529/498/269 515/495/266
f 504/485/255 522/499/270 510/497/268
f 519/477/247 527/500/271 494/475/245
f 520/493/263 528/501/272 519/477/247
f 521/496/267 528/501/272 520/493/263
f 535/502/273 530/503/274 531/504/275
f 541/505/276 539/506/277 537/507/278
f 542/508/279 544/509/280 541/505/276
f 547/510/281 544/509/280 542/508/279
f 550/511/282 548/512/283 547/510/281
f 545/513/284 549/514/285 547/510/281
f 551/515/286 549/514/285 545/513/284
f 552/516/287 550/511/282 547/510/281
f 549/514/285 554/517/288 552/516/287
f 556/518/289 554/517/288 549/514/285
f 531/504/275 556/518/289 549/514/285
f 531/504/275 530/503/274 558/519/290
f 536/520/291 567/521/292 540/522/293
f 567/521/292 563/523/294 540/522/293
f 545/513/284 561/524/295 551/515/286
f 540/522/293 565/525/296 545/513/284
f 532/526/297 567/521/292 536/520/291
f 557/527/298 568/528/299 532/526/297
f 563/523/300 566/529/300 565/525/300
f 557/527/298 569/530/301 568/528/299
f 609/531/302 616/532/303 617/533/304
f 665/534/305 671/535/306 664/536/307
f 675/537/308 666/538/309 662/539/310
f 668/540/311 662/539/310 663/541/312
f 664/536/307 669/542/313 663/541/312
f 673/543/314 665/534/305 666/538/309
f 702/544/315 706/545/316 705/546/317
f 745/547/318 749/548/319 706/545/316
f 703/549/320 749/548/319 745/547/318
f 705/546/317 739/550/321 708/551/173
f 706/545/316 739/550/321 705/546/317
f 723/552/322 744/553/323 739/550/321
f 720/554/324 716/555/325 740/556/326
f 714/557/185 727/558/186 728/559/187
f 710/560/327 721/561/328 724/562/329
f 728/559/187 741/563/330 713/564/331
f 726/565/193 713/564/331 712/566/194
f 715/567/332 718/568/333 725/569/334
f 723/552/322 766/570/335 743/571/336
f 721/561/328 764/572/337 765/573/338
f 739/550/321 744/553/323 746/574/339
f 708/551/173 739/550/321 740/556/326
f 709/575/340 724/562/329 721/561/328
f 746/574/339 740/556/326 739/550/321
f 728/559/187 729/576/202 742/577/341
f 728/559/187 742/577/341 731/578/204
f 711/579/184 730/580/205 735/581/206
f 736/582/342 737/583/343 709/584/344
f 736/585/208 778/586/345 737/587/346
f 737/587/346 778/586/345 722/588/347
f 713/564/331 717/589/348 718/590/333
f 727/558/186 725/591/334 729/576/202
f 746/574/339 720/554/324 740/556/326
f 726/565/193 715/592/332 714/557/185
f 715/592/332 727/558/186 714/557/185
f 743/571/336 721/593/328 744/553/323
f 748/594/349 779/595/350 703/549/320
f 781/596/351 750/597/352 704/598/353
f 780/599/354 779/595/350 751/600/355
f 767/601/356 752/602/357 780/599/354
f 769/603/220 763/604/358 758/605/359
f 785/606/360 784/607/361 761/608/362
f 753/609/363 768/610/224 781/611/351
f 788/612/225 759/613/226 773/614/227
f 764/615/337 756/616/364 755/617/365
f 772/618/230 758/605/359 771/619/231
f 771/619/231 758/605/359 790/620/232
f 770/621/366 761/608/362 769/622/220
f 769/622/220 760/623/367 768/610/224
f 769/622/220 768/610/224 753/609/363
f 783/624/236 782/625/368 761/608/362
f 761/608/362 782/625/368 785/606/360
f 789/626/369 788/612/225 773/614/227
f 752/602/357 766/570/335 723/552/322
f 756/616/364 763/627/358 753/609/363
f 763/627/358 769/622/220 753/609/363
f 776/628/240 754/629/241 777/630/240
f 755/617/365 776/631/240 754/632/370
f 753/609/363 755/617/365 756/616/364
f 778/633/345 755/617/365 753/609/363
f 759/613/226 783/634/236 770/635/366
f 761/636/362 757/637/371 760/638/367
f 763/604/358 762/639/244 758/605/359
f 788/612/225 783/634/236 759/613/226
f 768/640/224 760/638/367 771/619/231
f 764/641/337 766/570/335 767/601/356
f 820/642/372 796/643/373 819/644/374
f 821/645/375 796/643/373 820/642/372
f 797/646/376 796/643/373 821/645/375
f 802/647/377 805/648/378 801/649/379
f 807/650/380 805/648/378 802/647/377
f 815/651/381 811/652/382 812/653/383
f 813/654/384 815/651/381 812/653/383
f 813/654/384 816/655/385 815/651/381
f 818/656/386 817/657/387 816/655/385
f 827/658/388 816/655/385 813/654/384
f 818/656/386 820/642/372 817/657/387
f 802/647/377 824/659/389 807/650/380
f 822/660/390 829/661/391 813/654/384
f 807/650/380 823/662/392 822/660/390
f 831/663/393 824/659/389 802/647/377
f 821/645/375 826/664/394 797/646/376
f 813/654/384 828/665/395 827/658/388
f 829/661/391 828/665/395 813/654/384
f 822/660/390 830/666/396 829/661/391
f 797/646/376 831/663/393 802/647/377
f 859/667/397 833/668/398 832/669/399
f 833/668/398 835/670/400 834/671/401
f 838/672/402 835/670/400 859/667/397
f 839/673/403 837/674/404 835/670/400
f 838/672/402 839/673/403 835/670/400
f 839/673/403 840/675/405 837/674/404
f 839/673/403 843/676/406 840/675/405
f 848/677/407 845/678/408 841/679/409
f 845/678/408 849/680/410 847/681/411
f 848/677/407 849/680/410 845/678/408
f 852/682/412 849/680/410 848/677/407
f 849/680/410 853/683/413 850/684/414
f 852/682/412 853/683/413 849/680/410
f 852/682/412 855/685/415 853/683/413
f 857/686/416 855/685/415 852/682/412
f 855/685/415 832/669/399 856/687/417
f 838/672/402 867/688/418 841/679/409
f 867/688/418 861/689/419 841/679/409
f 841/679/409 864/690/420 848/677/407
f 857/686/416 868/691/421 859/667/397
f 860/692/422 863/693/423 857/686/416
f 861/689/424 866/694/424 865/695/424
f 863/693/423 869/696/425 868/691/421
f 908/697/426 909/698/427 904/699/428
f 904/699/428 909/698/427 910/700/429
f 906/701/430 913/702/431 914/703/432
f 906/701/430 914/703/432 907/704/433
f 907/704/433 914/703/432 915/705/434
f 963/706/435 956/707/436 957/708/437
f 956/707/436 962/709/438 961/710/439
f 960/711/440 968/712/441 959/713/442
f 958/714/443 964/715/444 957/708/437
f 969/716/445 960/711/440 961/710/439
f 997/717/446 1001/718/447 1000/719/448
f 1040/720/449 1046/721/450 1001/718/447
f 1000/719/448 1034/722/451 1004/723/452
f 1000/719/448 1002/724/453 999/725/454
f 1019/726/455 1039/727/456 1034/722/451
f 1034/722/451 1041/728/457 1035/729/458
f 1016/730/459 1012/731/460 1035/729/458
f 1035/729/458 1012/731/460 1036/732/461
f 1006/733/462 1017/734/463 1021/735/464
f 1023/736/465 1037/737/466 1009/738/467
f 1035/729/458 1008/739/468 1004/723/452
f 1014/740/469 1013/741/470 1011/742/471
f 1025/743/472 1033/744/473 1010/745/474
f 1017/734/463 1088/746/475 1055/747/476
f 1034/722/451 1039/727/456 1041/728/457
f 1004/723/452 1034/722/451 1035/729/458
f 1005/748/477 1021/735/464 1017/734/463
f 1023/736/465 1024/749/478 1038/750/203
f 1025/743/472 1030/751/479 1029/752/480
f 1023/736/465 1038/750/203 1026/753/481
f 1031/754/482 1032/755/483 1005/756/484
f 1031/757/208 1055/747/476 1032/758/485
f 1032/758/485 1071/759/486 1018/760/487
f 1036/732/461 1011/761/471 1022/762/488
f 1009/738/467 1013/763/470 1014/764/469
f 1013/763/470 1023/736/465 1007/765/489
f 1022/762/488 1010/766/474 1024/749/478
f 1041/728/457 1016/730/459 1035/729/458
f 1020/767/490 1017/768/463 1039/727/456
f 1043/769/491 1081/770/492 1044/771/493
f 1044/771/493 1089/772/494 1045/773/495
f 1081/770/492 1043/769/491 1042/774/496
f 1081/770/492 1072/775/497 1089/772/494
f 1003/776/498 1081/770/492 999/777/454
f 1058/778/499 1057/779/500 1072/775/497
f 1060/780/220 1087/781/501 1049/782/359
f 1053/783/502 1059/784/224 1003/785/498
f 1078/786/503 1050/787/504 1065/788/505
f 1088/789/475 1054/790/506 1068/791/507
f 1083/792/508 1065/788/505 1048/793/509
f 1064/794/510 1049/782/359 1063/795/231
f 1063/795/231 1049/782/359 1082/796/511
f 1061/797/512 1062/798/513 1060/799/220
f 1060/799/220 1051/800/514 1059/784/224
f 1060/799/220 1059/784/224 1053/783/502
f 1052/801/515 1073/802/516 1062/798/513
f 1057/779/500 1056/803/517 1019/726/455
f 1058/778/499 1056/803/517 1057/779/500
f 1054/790/506 1087/804/501 1053/783/502
f 1087/804/501 1060/799/220 1053/783/502
f 1069/805/518 1047/806/519 1070/807/518
f 1068/791/507 1069/808/240 1047/809/520
f 1070/810/240 1071/811/486 1055/812/476
f 1062/813/513 1048/793/509 1051/814/514
f 1087/781/501 1079/815/521 1049/782/359
f 1059/816/224 1051/814/514 1063/795/231
f 1088/817/475 1056/803/517 1058/778/499
f 1091/818/522 1090/819/523 1118/820/524
f 1092/821/525 1090/819/523 1091/818/522
f 1119/822/526 1092/821/525 1091/818/522
f 1093/823/527 1092/821/525 1119/822/526
f 1095/824/528 1090/819/523 1092/821/525
f 1093/823/527 1100/825/529 1095/824/528
f 1097/826/530 1100/825/529 1093/823/527
f 1100/825/529 1099/827/531 1096/828/532
f 1101/829/533 1099/827/531 1100/825/529
f 1102/830/534 1100/825/529 1097/826/530
f 1104/831/535 1101/829/533 1100/825/529
f 1102/830/534 1104/831/535 1100/825/529
f 1104/831/535 1106/832/536 1101/829/533
f 1108/833/537 1106/832/536 1104/831/535
f 1107/834/538 1108/833/537 1104/831/535
f 1108/833/537 1111/835/539 1110/836/540
f 1112/837/541 1115/838/542 1111/835/539
f 1115/838/542 1117/839/543 1113/840/544
f 1097/826/530 1121/841/545 1102/830/534
f 1102/830/534 1120/842/546 1107/834/538
f 1107/834/538 1126/843/547 1112/837/541
f 1128/844/548 1121/841/545 1097/826/530
f 1119/822/526 1123/845/394 1093/823/527
f 1112/837/541 1125/846/549 1124/847/550
f 1126/843/547 1125/846/549 1112/837/541
f 1120/842/551 1127/848/551 1126/843/551
f 1093/823/527 1128/844/548 1097/826/530
f 1131/849/552 1132/850/553 1130/851/554
f 1134/852/555 1132/850/553 1156/853/556
f 1135/854/557 1136/855/558 1132/850/553
f 1134/852/555 1135/854/557 1132/850/553
f 1139/856/559 1140/857/560 1135/854/557
f 1142/858/561 1140/857/560 1139/856/559
f 1144/859/562 1142/858/561 1137/860/563
f 1145/861/564 1141/862/565 1142/858/561
f 1146/863/566 1145/861/564 1142/858/561
f 1147/864/567 1146/863/566 1144/859/562
f 1147/864/567 1151/865/568 1150/866/569
f 1154/867/570 1149/868/571 1151/865/572
f 1151/865/572 1155/869/573 1154/867/570
f 1134/852/555 1164/870/574 1137/860/563
f 1164/870/574 1158/871/575 1137/860/563
f 1137/860/563 1161/872/576 1144/859/562
f 1153/873/577 1165/874/578 1156/853/556
f 1157/875/579 1160/876/580 1153/873/577
f 1158/871/581 1163/877/581 1162/878/581
f 1160/876/580 1166/879/582 1165/874/578
f 189/294/89 187/291/86 191/312/107 194/296/91
f 1204/880/583 1210/881/584 1211/882/585
f 1202/883/586 1207/884/587 1208/885/588
f 1205/886/589 1212/887/590 1213/888/591
f 1268/889/592 1260/890/593 1261/891/594
f 1264/892/595 1258/893/596 1259/894/597
f 1258/893/596 1263/895/598 1262/896/599
f 1266/897/600 1259/894/597 1260/890/593
f 1294/898/601 1298/899/602 1297/900/603
f 1295/901/604 1370/902/605 1299/903/606
f 1297/900/603 1331/904/607 1302/905/608
f 1297/900/603 1300/906/609 1296/907/610
f 1299/903/606 1316/908/611 1331/904/607
f 1316/908/611 1336/909/612 1331/904/607
f 1305/910/613 1310/911/614 1332/912/615
f 1332/912/615 1310/911/614 1333/913/616
f 1304/914/617 1314/915/618 1317/916/619
f 1320/917/620 1334/918/466 1308/919/621
f 1333/913/616 1320/917/620 1332/912/615
f 1332/912/615 1307/920/622 1302/905/608
f 1309/921/623 1312/922/624 1318/923/625
f 1311/924/626 1306/925/627 1318/923/625
f 1357/926/628 1355/927/629 1316/908/611
f 1314/915/618 1386/928/630 1354/929/631
f 1331/904/607 1336/909/612 1338/930/632
f 1302/905/608 1331/904/607 1332/912/615
f 1303/931/477 1317/916/619 1314/915/618
f 1316/908/611 1355/927/629 1336/909/612
f 1331/904/607 1338/930/632 1332/912/615
f 1320/917/620 1321/932/478 1335/933/341
f 1320/917/620 1335/933/341 1323/934/481
f 1306/925/627 1322/935/633 1327/936/206
f 1328/937/634 1329/938/635 1303/939/636
f 1328/940/208 1354/929/631 1329/941/637
f 1329/941/637 1369/942/638 1315/943/639
f 1333/913/616 1309/944/623 1319/945/640
f 1308/919/621 1311/946/626 1312/947/624
f 1311/946/626 1320/917/620 1306/948/627
f 1319/945/640 1318/949/625 1321/932/478
f 1338/930/632 1305/910/613 1332/912/615
f 1337/950/641 1299/903/606 1298/899/602
f 1355/927/629 1314/951/618 1336/909/612
f 1339/952/642 1380/953/643 1340/954/644
f 1340/954/644 1342/955/645 1341/956/646
f 1341/956/646 1370/902/605 1295/901/604
f 1380/953/643 1371/957/647 1342/955/645
f 1301/958/648 1380/953/643 1296/959/610
f 1358/960/649 1357/926/628 1371/957/647
f 1360/961/220 1353/962/650 1347/963/222
f 1352/964/651 1359/965/224 1301/966/648
f 1378/967/503 1348/968/504 1364/969/505
f 1386/970/630 1345/971/652 1344/972/653
f 1382/973/508 1364/969/505 1346/974/509
f 1363/975/510 1347/963/222 1362/976/231
f 1362/976/231 1347/963/222 1381/977/511
f 1361/978/512 1351/979/513 1360/980/220
f 1360/980/220 1349/981/514 1359/965/224
f 1360/980/220 1359/965/224 1352/964/651
f 1350/982/515 1372/983/654 1351/979/513
f 1356/984/655 1355/927/629 1357/926/628
f 1358/960/649 1356/984/655 1357/926/628
f 1345/971/652 1353/985/650 1352/964/651
f 1353/985/650 1360/980/220 1352/964/651
f 1347/963/222 1373/986/656 1371/957/647
f 1367/987/518 1343/988/519 1368/989/518
f 1344/972/653 1367/990/240 1343/991/657
f 1352/964/651 1369/992/638 1345/971/652
f 1368/993/240 1369/992/638 1354/994/631
f 1351/995/513 1346/974/509 1349/996/514
f 1353/962/650 1373/986/656 1347/963/222
f 1359/997/224 1349/996/514 1362/976/231
f 1386/998/630 1356/984/655 1358/960/649
f 1386/998/630 1355/927/629 1356/984/655
f 1342/955/645 1371/957/647 1370/902/605
f 185/292/87 186/295/90 214/304/99
f 186/295/90 189/294/89 190/297/92
f 194/296/91 196/300/95 195/999/658
f 191/312/107 196/300/95 194/296/91
f 191/312/107 197/298/93 196/300/95
f 202/1000/659 199/299/94 197/298/93 203/309/104
f 199/299/94 202/1000/659 201/1001/660
f 202/1000/659 204/1002/661 201/1001/660
f 204/1002/661 202/1000/659 205/302/97
f 206/303/98 205/302/97 202/1000/659
f 203/309/104 207/306/101 202/1000/659
f 207/306/101 206/303/98 202/1000/659
f 207/306/101 209/301/96 206/303/98
f 207/306/101 215/308/103 209/301/96
f 215/308/103 214/304/99 209/301/96
f 215/308/103 213/293/88 214/304/99
f 213/293/88 185/292/87 214/304/99
f 207/306/101 224/310/662 216/307/102
f 203/309/104 217/311/663 224/310/105
f 197/298/93 218/313/108 217/311/106
f 191/312/107 219/317/112 218/313/108
f 187/291/86 221/1003/664 220/318/113
f 187/291/86 222/314/665 221/1003/664
f 213/293/88 223/315/110 222/314/109
f 228/321/116 229/320/115 227/1004/666
f 230/337/132 231/319/114 228/321/116
f 231/319/114 233/323/118 229/320/115
f 230/337/132 234/324/119 231/319/114
f 231/319/114 237/325/120 236/322/117
f 236/322/117 237/325/120 238/328/123
f 243/329/124 242/333/128 240/327/122
f 243/329/124 246/331/126 242/333/128
f 249/335/130 250/1005/667 247/332/127
f 249/335/130 252/336/131 250/1005/667
f 248/334/129 253/341/136 252/336/131
f 256/1006/668 245/330/125 239/326/121 259/344/669
f 253/341/136 230/337/132 252/336/131
f 252/336/131 228/321/116 227/1004/666
f 248/334/129 254/1007/670 253/341/136
f 248/334/129 255/340/135 254/1007/670
f 245/330/125 256/1006/668 255/340/135
f 239/326/121 257/338/133 259/344/669
f 230/337/132 258/1008/671 261/339/134
f 230/337/132 262/342/672 258/1008/671
f 309/1009/673 301/346/140 300/353/147 308/355/149
f 306/351/145 307/354/148 300/353/147 299/349/143
f 301/346/140 310/1010/674 302/347/141
f 301/346/140 309/1009/673 310/1010/674
f 298/356/150 297/348/142 303/352/146
f 298/356/150 303/352/146 304/357/151
f 299/349/143 304/357/151 305/350/144
f 357/366/160 358/363/157 367/1011/675 366/1012/676
f 385/1013/677 396/1014/678 347/1015/679
f 396/1014/678 393/1016/680 345/1017/681
f 363/1018/682 355/367/161 356/365/159 364/1019/683
f 360/1020/684 359/362/156 353/361/155
f 360/1020/684 353/361/155 354/369/163 361/1021/685
f 359/362/156 367/1011/675 358/363/157
f 356/365/159 365/364/158 364/1019/683
f 357/366/160 366/1012/676 365/364/158
f 362/368/162 361/1021/685 354/369/163
f 363/1018/682 362/368/162 355/367/161
f 418/383/177 435/378/172 402/371/165 446/374/168
f 397/375/169 398/370/164 401/372/166
f 440/373/167 399/426/212 446/374/168
f 408/400/194 404/379/173 436/387/181 421/399/193
f 422/392/186 424/410/202 423/393/187
f 420/402/196 429/1022/686 434/1023/687
f 417/381/175 403/380/174 415/1024/688
f 421/399/193 412/386/180 411/423/195
f 411/423/195 420/422/196 422/392/186
f 421/399/193 410/391/185 423/393/187
f 406/394/188 433/407/179 416/395/189
f 439/384/178 441/409/201 435/378/172
f 421/399/193 423/393/187 409/398/192
f 430/414/206 429/1022/686 420/402/196 407/390/184
f 412/406/180 414/388/182 411/401/195
f 412/406/180 415/1024/688 414/388/182
f 412/406/180 417/381/175 415/1024/688
f 414/388/182 407/390/184 420/402/196
f 423/393/187 427/1025/689 428/1026/690
f 423/393/187 426/412/204 427/1025/689
f 405/408/200 416/395/189 460/405/199
f 417/381/175 412/406/180 406/394/188
f 432/419/209 406/394/188 419/396/190 431/1027/208
f 460/405/199 431/418/208 405/408/200
f 419/396/190 405/408/200 431/1027/208
f 406/394/188 432/419/209 417/381/175
f 438/411/203 434/1028/687 429/1029/686 426/412/204
f 432/419/209 460/405/199 473/382/176
f 424/410/202 420/422/196 434/1028/687
f 436/387/181 412/386/180 421/399/193
f 426/412/204 429/1029/686 430/1030/206 427/1025/689
f 427/1025/689 430/1030/206 425/1031/205 428/1026/690
f 428/1026/690 425/1031/205 407/1032/184 423/393/187
f 434/1028/687 438/411/203 424/410/202
f 409/398/192 414/421/182 415/1033/688 408/400/194
f 409/398/192 437/397/191 413/420/183
f 408/400/194 415/1033/688 403/1034/174 404/379/173
f 423/393/187 407/1032/184 413/420/183 437/397/191
f 403/1034/174 400/376/170 401/372/166 404/379/173
f 416/1035/189 433/385/179 441/409/201 439/384/178
f 397/375/169 401/372/166 400/376/170
f 416/1035/189 439/384/178 461/403/197 491/474/198
f 448/431/216 444/1036/691 443/428/214 447/427/213
f 398/370/164 440/373/167 402/371/165
f 474/425/211 445/424/210 444/1036/691 448/431/216
f 475/430/215 448/431/216 447/427/213 486/450/232
f 400/1037/170 447/427/213 442/429/171
f 399/426/212 474/425/211 446/374/168
f 418/383/177 446/374/168 474/425/211 449/436/219
f 447/427/213 400/1037/170 403/1038/174 476/1039/217
f 485/458/239 487/1040/692 489/1041/693 490/1042/694
f 474/425/211 475/430/215 449/436/219
f 473/433/176 458/440/223 476/434/217
f 470/1043/695 482/1044/696 477/456/237
f 466/449/231 456/471/235 453/470/243
f 468/444/227 455/443/226 467/448/230
f 491/445/198 459/459/221 452/446/228
f 453/470/243 468/444/227 467/448/230
f 453/470/243 467/448/230 466/449/231
f 465/451/233 478/455/236 457/452/234
f 464/453/220 457/452/234 456/454/235
f 488/1045/697 489/1041/693 487/1040/692
f 481/1046/698 479/457/238 477/456/237 482/1044/696
f 487/1040/692 485/458/239 468/444/227
f 449/436/219 461/403/197 418/383/177
f 462/435/218 461/403/197 449/436/219
f 460/466/199 491/445/198 450/464/242
f 452/446/228 459/459/221 458/440/223
f 450/464/242 491/445/198 451/447/229
f 477/1047/237 478/467/236 483/442/225 485/458/239
f 485/458/239 490/1042/694 469/1048/699
f 479/457/238 481/1046/698 480/1049/700
f 450/464/242 471/1050/240 460/466/199
f 473/433/176 451/447/229 452/446/228
f 473/433/176 472/465/240 451/447/229
f 472/465/240 471/463/240 451/447/229
f 471/1050/240 472/465/240 460/466/199
f 484/472/244 462/435/218 475/430/215
f 467/448/230 455/443/226 465/468/233
f 464/437/220 467/448/230 465/468/233
f 469/1048/699 490/1042/694 482/1051/696 470/1052/695
f 454/439/222 467/448/230 464/437/220
f 490/1042/694 489/1041/693 481/1053/698 482/1051/696
f 489/1041/693 488/1045/697 480/1054/700 481/1053/698
f 485/458/239 469/1048/699 470/1052/695 477/1047/237
f 488/1045/697 487/1040/692 479/1055/238 480/1054/700
f 466/449/231 486/450/232 476/1039/217 463/473/224
f 457/469/234 468/444/227 453/470/243
f 487/1040/692 468/444/227 457/469/234 479/1055/238
f 500/482/252 495/480/250 494/475/245 501/483/253
f 476/1039/217 486/450/232 447/427/213
f 462/435/218 459/438/221 491/474/198
f 454/439/222 484/472/244 475/430/215
f 459/438/221 462/435/218 484/472/244
f 495/480/250 497/478/248 493/476/246
f 500/482/252 502/1056/701 498/481/251
f 500/482/252 506/484/254 502/1056/701
f 502/1056/701 506/484/254 503/487/257
f 507/486/256 508/490/260 503/487/257
f 507/486/256 509/488/258 508/490/260
f 504/485/255 509/488/258 507/486/256
f 504/485/255 510/497/268 509/488/258
f 510/497/268 515/495/266 509/488/258
f 515/495/266 514/491/261 509/488/258
f 515/495/266 516/1057/702 514/491/261
f 515/495/266 520/493/263 516/1057/702
f 520/493/263 518/492/262 516/1057/702
f 518/492/262 493/476/246 492/479/249
f 519/477/247 493/476/246 518/492/262
f 494/475/264 525/1058/703 524/494/265
f 515/495/266 529/498/704 521/496/267
f 510/497/268 522/499/705 529/498/269
f 504/485/255 523/1059/706 522/499/270
f 504/485/255 524/494/265 523/1059/706
f 494/475/264 526/1060/707 525/1058/703
f 494/475/264 527/500/708 526/1060/707
f 519/477/247 528/501/272 527/500/271
f 535/502/273 533/1061/709 530/503/274
f 532/526/297 535/502/273 531/504/275
f 532/526/297 536/520/291 535/502/273
f 535/502/273 537/507/278 533/1061/709
f 536/520/291 537/507/278 535/502/273
f 541/505/276 537/507/278 536/520/291 540/522/293
f 540/522/293 542/508/279 541/505/276
f 540/522/293 545/513/284 542/508/279
f 544/509/280 547/510/281 548/512/283
f 545/513/284 547/510/281 542/508/279
f 549/514/285 552/516/287 547/510/281
f 531/504/275 549/514/285 551/515/286 557/527/298
f 531/504/275 558/519/290 556/518/289
f 557/527/298 532/526/297 531/504/275
f 551/515/286 560/1062/710 557/527/298
f 551/515/286 561/524/295 560/1062/710
f 545/513/284 562/1063/711 561/524/295
f 545/513/284 565/525/296 562/1063/711
f 540/522/293 563/523/294 565/525/296
f 532/526/297 564/1064/712 567/521/292
f 532/526/297 568/528/713 564/1064/712
f 619/1065/714 611/1066/715 610/1067/716 618/1068/717
f 612/1069/718 606/1070/719 611/1066/715 620/1071/720
f 616/532/303 609/531/302 608/1072/721 615/1073/722
f 612/1069/718 613/1074/723 607/1075/724 606/1070/719
f 611/1066/715 619/1065/714 620/1071/720
f 617/533/304 618/1068/717 610/1067/716 609/531/302
f 615/1073/722 608/1072/721 607/1075/724 614/1076/725
f 607/1075/724 613/1074/723 614/1076/725
f 689/1077/726 660/1078/727 655/1079/728
f 675/537/308 674/1080/729 666/538/309
f 668/540/311 667/1081/730 662/539/310
f 665/534/305 672/1082/731 671/535/306
f 662/539/310 667/1081/730 675/537/308
f 663/541/312 669/542/313 668/540/311
f 665/534/305 673/543/314 672/1082/731
f 666/538/309 674/1080/729 673/543/314
f 670/1083/732 669/542/313 664/536/307
f 671/535/306 670/1083/732 664/536/307
f 723/552/322 739/550/321 706/545/316 749/548/319
f 701/1084/733 702/544/315 705/546/317
f 747/1085/734 701/1084/733 704/1086/353
f 704/1086/353 707/1087/735 781/1088/351
f 722/588/347 778/586/345 781/1089/351 707/1090/735
f 712/566/194 708/551/173 740/556/326 726/565/193
f 727/558/186 729/576/202 728/559/187
f 725/569/334 734/1091/686 738/1092/736
f 722/588/347 707/1090/735 719/1093/737
f 726/565/193 716/555/325 715/592/332
f 715/592/332 725/591/334 727/558/186
f 726/565/193 714/557/185 728/559/187
f 710/560/327 720/1094/324 721/561/328
f 726/565/193 728/559/187 713/564/331
f 735/581/206 734/1091/686 725/569/334 711/579/184
f 718/568/333 717/1095/348 711/579/184
f 716/1096/325 718/568/333 715/567/332
f 716/1096/325 719/1093/737 718/568/333
f 716/1096/325 722/588/347 719/1093/737
f 718/568/333 711/579/184 725/569/334
f 728/559/187 732/1097/738 733/1098/690
f 728/559/187 731/578/204 732/1097/738
f 723/552/322 743/571/336 744/553/323
f 709/575/340 721/561/328 765/573/338
f 710/560/327 722/588/347 720/1094/324
f 722/588/347 716/1096/325 720/1094/324
f 709/575/340 765/573/338 778/586/345 736/585/208
f 737/587/346 722/588/347 724/562/329 736/1099/739
f 724/562/329 709/575/340 736/1099/739
f 710/560/327 724/562/329 722/588/347
f 742/577/341 738/1100/736 734/1101/686 731/578/204
f 729/576/202 725/591/334 738/1100/736
f 740/556/326 716/555/325 726/565/193
f 731/578/204 734/1101/686 735/1102/206 732/1097/738
f 732/1097/738 735/1102/206 730/1103/205 733/1098/690
f 733/1098/690 730/1103/205 711/1104/184 728/559/187
f 738/1100/736 742/577/341 729/576/202
f 713/564/331 718/590/333 719/1105/737 712/566/194
f 713/564/331 741/563/330 717/589/348
f 712/566/194 719/1105/737 707/1087/735 708/551/173
f 728/559/187 711/1104/184 717/589/348 741/563/330
f 707/1087/735 704/1086/353 705/546/317 708/551/173
f 721/593/328 720/554/324 746/574/339 744/553/323
f 701/1084/733 705/546/317 704/1086/353
f 721/593/328 743/571/336 766/570/335 764/641/337
f 751/600/355 748/594/349 747/1106/734 750/597/352
f 702/544/315 745/547/318 706/545/316
f 780/599/354 751/600/355 750/597/352 790/620/232
f 748/594/349 751/600/355 779/595/350
f 704/598/353 750/597/352 747/1106/734
f 703/549/320 779/595/350 749/548/319
f 723/552/322 749/548/319 779/595/350 752/602/357
f 789/626/369 791/1107/740 793/1108/693 794/1109/694
f 779/595/350 780/599/354 752/602/357
f 778/633/345 753/609/363 781/611/351
f 775/1110/741 787/1111/696 782/625/368
f 771/619/231 760/638/367 757/637/371
f 773/614/227 759/613/226 772/618/230
f 764/615/337 763/627/358 756/616/364
f 757/637/371 773/614/227 772/618/230
f 757/637/371 772/618/230 771/619/231
f 770/621/366 783/624/236 761/608/362
f 769/622/220 761/608/362 760/623/367
f 792/1112/697 793/1108/693 791/1107/740
f 786/1113/698 785/606/360 782/625/368 787/1111/696
f 791/1107/740 789/626/369 773/614/227
f 767/601/356 766/570/335 752/602/357
f 765/1114/338 764/615/337 754/632/370
f 790/620/232 758/605/359 780/599/354
f 754/632/370 764/615/337 755/617/365
f 758/605/359 762/639/244 780/599/354
f 778/633/345 765/1114/338 754/632/370 776/1115/240
f 789/626/369 794/1109/694 774/1116/742
f 782/1117/368 783/634/236 788/612/225 789/626/369
f 778/633/345 777/1118/240 755/617/365
f 777/1118/240 776/631/240 755/617/365
f 776/1115/240 777/1118/240 778/633/345
f 762/639/244 767/601/356 780/599/354
f 772/618/230 759/613/226 770/635/366
f 769/603/220 772/618/230 770/635/366
f 774/1116/742 794/1109/694 787/1119/696 775/1120/741
f 758/605/359 772/618/230 769/603/220
f 794/1109/694 793/1108/693 786/1121/698 787/1119/696
f 793/1108/693 792/1112/697 785/1122/360 786/1121/698
f 789/626/369 774/1116/742 775/1120/741 782/1117/368
f 792/1112/697 791/1107/740 784/1123/361 785/1122/360
f 771/619/231 790/620/232 781/596/351 768/640/224
f 761/636/362 773/614/227 757/637/371
f 791/1107/740 773/614/227 761/636/362 784/1123/361
f 800/1124/743 797/646/376 802/647/377 801/649/379
f 781/596/351 790/620/232 750/597/352
f 767/601/356 763/604/358 764/641/337
f 763/604/358 767/601/356 762/639/244
f 796/643/373 800/1124/743 799/1125/744
f 797/646/376 800/1124/743 796/643/373
f 801/649/379 805/648/378 804/1126/745
f 805/648/378 806/1127/746 804/1126/745
f 805/648/378 810/1128/747 806/1127/746
f 807/650/380 810/1128/747 805/648/378
f 807/650/380 822/660/390 810/1128/747
f 812/653/383 811/652/382 810/1128/747
f 822/660/390 812/653/383 810/1128/747
f 822/660/390 813/654/384 812/653/383
f 827/658/388 818/656/386 816/655/385
f 827/658/388 821/645/375 818/656/386
f 821/645/375 820/642/372 818/656/386
f 807/650/380 824/659/389 823/662/392
f 797/646/376 825/1129/748 831/663/393
f 797/646/376 826/664/749 825/1129/748
f 821/645/375 827/658/388 826/664/394
f 832/669/399 833/668/398 834/671/401
f 859/667/397 835/670/400 833/668/398
f 834/671/401 835/670/400 837/674/404
f 838/672/402 841/679/409 839/673/403
f 841/679/409 843/676/406 839/673/403
f 841/679/409 845/678/408 843/676/406
f 847/681/411 849/680/410 850/684/414
f 855/685/415 856/687/417 853/683/413
f 857/686/416 832/669/399 855/685/415
f 857/686/416 859/667/397 832/669/399
f 852/682/412 860/692/750 857/686/416
f 848/677/407 864/690/420 852/682/412
f 841/679/409 865/695/751 864/690/420
f 841/679/409 861/689/419 865/695/751
f 859/667/397 867/688/418 838/672/402
f 859/667/397 862/1130/752 867/688/418
f 859/667/397 868/691/421 862/1130/752
f 857/686/416 863/693/423 868/691/421
f 852/682/412 864/690/420 860/692/750
f 912/1131/753 913/702/431 906/701/430 905/1132/754
f 908/697/426 916/1133/755 909/698/427
f 907/704/433 915/705/434 916/1133/755
f 908/697/426 907/704/433 916/1133/755
f 905/1132/754 904/699/428 910/700/429
f 905/1132/754 910/700/429 911/1134/756
f 905/1132/754 911/1134/756 912/1131/753
f 963/706/435 962/709/438 956/707/436
f 962/709/438 969/716/445 961/710/439
f 959/713/442 967/1135/757 966/1136/758
f 957/708/437 964/715/444 963/706/435
f 959/713/442 968/712/441 967/1135/757
f 960/711/440 969/716/445 968/712/441
f 965/1137/759 964/715/444 958/714/443
f 966/1136/758 965/1137/759 958/714/443
f 999/725/454 1042/1138/496 996/1139/760 1000/719/448
f 996/1139/760 997/717/446 1000/719/448
f 1040/720/449 998/1140/761 1046/721/450
f 1019/726/455 1034/722/451 1001/718/447 1046/721/450
f 999/725/454 1002/724/453 1003/1141/498
f 1009/738/467 1008/739/468 1035/729/458 1036/732/461
f 1000/719/448 1001/718/447 1034/722/451
f 1003/1142/498 1002/1143/453 1018/760/487
f 1022/762/488 1024/749/478 1023/736/465
f 1025/743/472 1029/752/480 1033/744/473
f 1025/743/472 1013/741/470 1007/1144/489
f 1018/760/487 1002/1143/453 1015/1145/762
f 1036/732/461 1012/731/460 1011/761/471
f 1011/761/471 1010/766/474 1022/762/488
f 1036/732/461 1022/762/488 1023/736/465
f 1006/733/462 1016/1146/459 1017/734/463
f 1036/732/461 1023/736/465 1009/738/467
f 1038/750/203 1033/1147/473 1029/1148/480 1026/753/481
f 1011/742/471 1013/741/470 1025/743/472
f 1012/1149/460 1014/740/469 1011/742/471
f 1012/1149/460 1015/1145/762 1014/740/469
f 1012/1149/460 1018/760/487 1015/1145/762
f 1010/745/474 1011/742/471 1025/743/472
f 1023/736/465 1027/1150/738 1028/1151/763
f 1023/736/465 1026/753/481 1027/1150/738
f 1019/726/455 1056/803/517 1020/767/490
f 1019/726/455 1020/767/490 1039/727/456
f 1005/748/477 1017/734/463 1055/747/476
f 1006/733/462 1018/760/487 1016/1146/459
f 1018/760/487 1012/1149/460 1016/1146/459
f 1055/747/476 1031/757/208 1005/748/477
f 1021/735/464 1005/748/477 1031/1152/208
f 1018/760/487 1006/733/462 1021/735/464
f 1021/735/464 1032/758/485 1018/760/487
f 1021/735/464 1031/1152/208 1032/758/485
f 1032/758/485 1055/747/476 1071/759/486
f 1024/749/478 1010/766/474 1033/1147/473
f 1026/753/481 1029/1148/480 1030/1153/479 1027/1150/738
f 1027/1150/738 1030/1153/479 1025/1154/472 1028/1151/763
f 1028/1151/763 1025/1154/472 1007/765/489 1023/736/465
f 1033/1147/473 1038/750/203 1024/749/478
f 1009/738/467 1014/764/469 1015/1155/762 1008/739/468
f 1009/738/467 1037/737/466 1013/763/470
f 1008/739/468 1015/1155/762 1002/724/453 1004/723/452
f 1017/768/463 1016/730/459 1041/728/457 1039/727/456
f 1013/763/470 1037/737/466 1023/736/465
f 1000/719/448 1004/723/452 1002/724/453
f 1017/768/463 1020/767/490 1056/803/517 1088/817/475
f 1046/721/450 998/1140/761 1045/773/495 1089/772/494
f 997/717/446 1040/720/449 1001/718/447
f 1081/770/492 1089/772/494 1044/771/493
f 1057/779/500 1046/721/450 1089/772/494 1072/775/497
f 999/777/454 1081/770/492 1042/774/496
f 1081/770/492 1082/796/511 1072/775/497
f 1046/721/450 1057/779/500 1019/726/455
f 1076/1156/698 1075/1157/360 1073/802/516 1077/1158/696
f 1071/811/486 1053/783/502 1003/785/498
f 1018/1159/487 1071/811/486 1003/785/498
f 1065/788/505 1080/1160/764 1078/786/503
f 1067/1161/695 1077/1158/696 1073/802/516
f 1062/798/513 1075/1157/360 1074/1162/765
f 1063/795/231 1051/814/514 1048/793/509
f 1061/1163/512 1050/787/504 1052/1164/515
f 1065/788/505 1050/787/504 1064/794/510
f 1088/789/475 1087/804/501 1054/790/506
f 1048/793/509 1065/788/505 1064/794/510
f 1048/793/509 1064/794/510 1063/795/231
f 1061/797/512 1052/801/515 1062/798/513
f 1060/799/220 1062/798/513 1051/800/514
f 1062/798/513 1073/802/516 1075/1157/360
f 1084/1165/697 1085/1166/693 1065/788/505
f 1085/1166/693 1086/1167/694 1065/788/505
f 1055/812/476 1088/789/475 1047/809/520
f 1082/796/511 1049/782/359 1072/775/497
f 1047/809/520 1088/789/475 1068/791/507
f 1065/788/505 1066/1168/699 1080/1160/764
f 1068/791/507 1054/790/506 1053/783/502 1071/811/486
f 1065/788/505 1086/1167/694 1066/1168/699
f 1047/809/520 1069/1169/240 1055/812/476
f 1073/1170/516 1052/1164/515 1078/786/503 1080/1160/764
f 1071/811/486 1070/810/240 1068/791/507
f 1070/810/240 1069/808/240 1068/791/507
f 1069/1169/240 1070/810/240 1055/812/476
f 1079/815/521 1058/778/499 1072/775/497
f 1078/786/503 1052/1164/515 1050/787/504
f 1064/794/510 1050/787/504 1061/1163/512
f 1060/780/220 1064/794/510 1061/1163/512
f 1066/1168/699 1086/1167/694 1077/1171/696 1067/1172/695
f 1049/782/359 1064/794/510 1060/780/220
f 1086/1167/694 1085/1166/693 1076/1173/698 1077/1171/696
f 1085/1166/693 1084/1165/697 1075/1174/360 1076/1173/698
f 1080/1160/764 1066/1168/699 1067/1172/695 1073/1170/516
f 1084/1165/697 1065/788/505 1074/1175/765 1075/1174/360
f 1063/795/231 1082/796/511 1003/776/498 1059/816/224
f 1062/813/513 1083/792/508 1048/793/509
f 1065/788/505 1083/792/508 1062/813/513 1074/1175/765
f 1003/776/498 1082/796/511 1081/770/492
f 1058/778/499 1087/781/501 1088/817/475
f 1049/782/359 1079/815/521 1072/775/497
f 1087/781/501 1058/778/499 1079/815/521
f 1093/823/527 1095/824/528 1092/821/525
f 1095/824/528 1100/825/529 1096/828/532
f 1102/830/534 1107/834/538 1104/831/535
f 1111/835/539 1108/833/537 1107/834/538 1112/837/541
f 1115/838/542 1112/837/541 1124/847/550 1117/839/543
f 1111/835/539 1115/838/542 1113/840/544
f 1091/818/522 1117/839/543 1124/847/550 1119/822/526
f 1117/839/543 1118/820/524 1113/840/544
f 1117/839/543 1091/818/522 1118/820/524
f 1107/834/538 1120/842/546 1126/843/547
f 1102/830/534 1121/841/545 1120/842/546
f 1093/823/527 1122/1176/766 1128/844/548
f 1093/823/527 1123/845/767 1122/1176/766
f 1119/822/526 1124/847/550 1123/845/394
f 1131/849/552 1130/851/554 1155/869/573
f 1156/853/556 1132/850/553 1131/849/552
f 1134/852/555 1137/860/563 1135/854/557
f 1137/860/563 1139/856/559 1135/854/557
f 1142/858/561 1141/862/565 1140/857/560
f 1137/860/563 1142/858/561 1139/856/559
f 1144/859/562 1146/863/566 1142/858/561
f 1147/864/567 1150/866/569 1146/863/566
f 1150/866/569 1149/868/571 1146/863/566
f 1151/865/568 1149/868/571 1150/866/569
f 1147/864/567 1153/873/577 1151/865/568
f 1131/849/552 1151/865/568 1153/873/577 1156/853/556
f 1151/865/572 1131/849/552 1155/869/573
f 1147/864/567 1157/875/768 1153/873/577
f 1144/859/562 1161/872/576 1147/864/567
f 1137/860/563 1162/878/751 1161/872/576
f 1137/860/563 1158/871/575 1162/878/751
f 1156/853/556 1164/870/574 1134/852/555
f 1156/853/556 1159/1177/769 1164/870/574
f 1156/853/556 1165/874/578 1159/1177/769
f 1153/873/577 1160/876/580 1165/874/578
f 1147/864/567 1161/872/576 1157/875/768
f 1207/884/587 1202/883/586 1206/1178/770 1214/1179/771
f 1214/1179/771 1206/1178/770 1205/886/589 1213/888/591
f 1211/882/585 1212/887/590 1205/886/589 1204/880/583
f 1203/1180/772 1202/883/586 1208/885/588
f 1203/1180/772 1208/885/588 1209/1181/773
f 1203/1180/772 1209/1181/773 1210/881/584
f 1269/1182/774 1261/891/594 1262/896/599 1270/1183/775
f 1264/892/595 1263/895/598 1258/893/596
f 1263/895/598 1270/1183/775 1262/896/599
f 1260/890/593 1268/889/592 1267/1184/776
f 1259/894/597 1265/1185/777 1264/892/595
f 1261/891/594 1269/1182/774 1268/889/592
f 1266/897/600 1265/1185/777 1259/894/597
f 1267/1184/776 1266/897/600 1260/890/593
f 1357/926/628 1316/908/611 1299/903/606 1370/902/605
f 1293/1186/778 1294/898/601 1297/900/603
f 1339/1187/642 1293/1186/778 1296/907/610
f 1337/950/641 1295/901/604 1299/903/606
f 1293/1186/778 1297/900/603 1296/907/610
f 1315/943/639 1369/942/638 1301/1188/648 1300/1189/609
f 1296/907/610 1300/906/609 1301/1190/648
f 1297/900/603 1298/899/602 1331/904/607
f 1327/936/206 1326/1191/686 1318/923/625 1306/925/627
f 1319/945/640 1321/932/478 1320/917/620
f 1318/923/625 1326/1191/686 1330/1192/687
f 1315/943/639 1300/1189/609 1313/1193/737
f 1333/913/616 1310/911/614 1309/944/623
f 1309/944/623 1318/949/625 1319/945/640
f 1333/913/616 1319/945/640 1320/917/620
f 1304/914/617 1305/1194/613 1314/915/618
f 1332/912/615 1320/917/620 1308/919/621
f 1307/920/622 1332/912/615 1308/919/621
f 1310/1195/614 1312/922/624 1309/921/623
f 1310/1195/614 1313/1193/737 1312/922/624
f 1310/1195/614 1315/943/639 1313/1193/737
f 1312/922/624 1311/924/626 1318/923/625
f 1320/917/620 1324/1196/738 1325/1197/763
f 1320/917/620 1323/934/481 1324/1196/738
f 1303/931/477 1314/915/618 1354/929/631
f 1304/914/617 1315/943/639 1305/1194/613
f 1315/943/639 1310/1195/614 1305/1194/613
f 1335/933/341 1330/1198/687 1326/1199/686 1323/934/481
f 1354/929/631 1328/940/208 1303/931/477
f 1317/916/619 1303/931/477 1328/1200/208
f 1315/943/639 1304/914/617 1317/916/619
f 1317/916/619 1329/941/637 1315/943/639
f 1317/916/619 1328/1200/208 1329/941/637
f 1329/941/637 1354/929/631 1369/942/638
f 1321/932/478 1318/949/625 1330/1198/687
f 1298/899/602 1299/903/606 1331/904/607
f 1323/934/481 1326/1199/686 1327/1201/206 1324/1196/738
f 1324/1196/738 1327/1201/206 1322/1202/633 1325/1197/763
f 1325/1197/763 1322/1202/633 1306/948/627 1320/917/620
f 1330/1198/687 1335/933/341 1321/932/478
f 1308/919/621 1312/947/624 1313/1203/737 1307/920/622
f 1308/919/621 1334/918/466 1311/946/626
f 1307/920/622 1313/1203/737 1300/906/609 1302/905/608
f 1314/951/618 1305/910/613 1338/930/632 1336/909/612
f 1311/946/626 1334/918/466 1320/917/620
f 1297/900/603 1302/905/608 1300/906/609
f 1376/1204/698 1374/1205/238 1372/983/654 1377/1206/696
f 1355/927/629 1386/998/630 1314/951/618
f 1294/898/601 1337/950/641 1298/899/602
f 1380/953/643 1342/955/645 1340/954/644
f 1296/959/610 1380/953/643 1339/952/642
f 1380/953/643 1381/977/511 1371/957/647
f 1370/902/605 1371/957/647 1357/926/628
f 1381/977/511 1347/963/222 1371/957/647
f 1369/992/638 1352/964/651 1301/966/648
f 1364/969/505 1379/1207/764 1378/967/503
f 1366/1208/695 1377/1206/696 1372/983/654
f 1362/976/231 1349/996/514 1346/974/509
f 1361/1209/512 1348/968/504 1350/1210/515
f 1364/969/505 1348/968/504 1363/975/510
f 1386/970/630 1353/985/650 1345/971/652
f 1346/974/509 1364/969/505 1363/975/510
f 1346/974/509 1363/975/510 1362/976/231
f 1361/978/512 1350/982/515 1351/979/513
f 1360/980/220 1351/979/513 1349/981/514
f 1351/979/513 1372/983/654 1374/1205/238
f 1383/1211/697 1384/1212/693 1364/969/505
f 1384/1212/693 1385/1213/694 1364/969/505
f 1354/994/631 1386/970/630 1343/991/657
f 1343/991/657 1386/970/630 1344/972/653
f 1364/969/505 1365/1214/699 1379/1207/764
f 1372/1215/654 1350/1210/515 1378/967/503 1379/1207/764
f 1364/969/505 1385/1213/694 1365/1214/699
f 1374/1205/238 1376/1204/698 1375/1216/779
f 1343/991/657 1367/1217/240 1354/994/631
f 1369/992/638 1344/972/653 1345/971/652
f 1369/992/638 1368/993/240 1344/972/653
f 1368/993/240 1367/990/240 1344/972/653
f 1367/1217/240 1368/993/240 1354/994/631
f 1373/986/656 1358/960/649 1371/957/647
f 1378/967/503 1350/1210/515 1348/968/504
f 1363/975/510 1348/968/504 1361/1209/512
f 1360/961/220 1363/975/510 1361/1209/512
f 1365/1214/699 1385/1213/694 1377/1218/696 1366/1219/695
f 1347/963/222 1363/975/510 1360/961/220
f 1385/1213/694 1384/1212/693 1376/1220/698 1377/1218/696
f 1384/1212/693 1383/1211/697 1375/1221/779 1376/1220/698
f 1379/1207/764 1365/1214/699 1366/1219/695 1372/1215/654
f 1383/1211/697 1364/969/505 1374/1222/238 1375/1221/779
f 1362/976/231 1381/977/511 1301/958/648 1359/997/224
f 1351/995/513 1382/973/508 1346/974/509
f 1364/969/505 1382/973/508 1351/995/513 1374/1222/238
f 1301/958/648 1381/977/511 1380/953/643
f 1358/960/649 1353/962/650 1386/998/630
f 1353/962/650 1358/960/649 1373/986/656
f 1341/956/646 1342/955/645 1370/902/605
usemtl M_Wheel
f 212/1223/780 188/1224/781 192/1225/782
f 190/297/92 193/1226/783 188/1224/781
f 193/1226/783 192/1225/782 188/1224/781
f 195/999/658 193/1226/783 194/296/91
f 195/999/658 192/1225/782 193/1226/783
f 196/300/95 192/1225/782 195/999/658
f 198/1227/784 200/1228/785 192/1225/782
f 201/1001/660 200/1228/785 198/1227/784
f 204/1002/661 205/302/97 200/1228/785
f 200/1228/785 208/1229/786 192/1225/782
f 208/1229/786 212/1223/780 192/1225/782
f 214/304/99 210/1230/787 211/305/100
f 238/328/123 235/1231/788 236/322/117
f 238/328/123 241/1232/789 235/1231/788
f 240/327/122 241/1232/789 238/328/123
f 241/1232/789 244/1233/790 235/1231/788
f 250/1005/667 244/1233/790 247/332/127
f 244/1233/790 251/1234/791 235/1231/788
f 250/1005/667 251/1234/791 244/1233/790
f 251/1234/791 226/1235/792 235/1231/788
f 271/1236/793 269/1237/794 311/1238/795
f 314/1239/796 266/1240/797 267/1241/798
f 334/1242/799 283/1243/800 315/1244/801
f 335/1245/802 277/1246/803 312/1247/804
f 315/1244/801 283/1243/800 284/1248/805
f 340/1249/806 272/1250/807 270/1251/808
f 271/1236/793 268/1252/809 269/1237/794
f 316/1253/810 268/1252/809 271/1236/793
f 331/1254/811 314/1239/796 267/1241/798
f 328/1255/812 266/1240/797 314/1239/796
f 328/1255/812 325/1256/813 266/1240/797
f 268/1252/809 284/1248/805 285/1257/814
f 272/1250/807 273/1258/815 264/1259/816
f 264/1259/816 273/1258/815 274/1260/817
f 269/1237/794 286/1261/818 272/1250/807
f 265/1262/819 275/1263/820 276/1264/821
f 267/1241/798 282/1265/822 283/1243/800
f 265/1262/819 276/1264/821 277/1246/803
f 293/1266/823 298/356/150 299/349/143
f 296/1267/824 301/346/140 291/1268/825
f 291/1268/825 297/348/142 292/1269/826
f 294/1270/827 299/349/143 300/353/147
f 292/1269/826 298/356/150 293/1266/823
f 325/1271/813 321/1272/828 313/1273/829
f 327/1274/830 324/1275/831 271/1276/793
f 320/1277/832 332/1278/833 333/1279/834
f 336/1280/835 331/1281/811 334/1282/799
f 335/1283/802 320/1277/832 333/1279/834
f 317/1284/836 327/1274/830 340/1285/806
f 321/1272/828 338/1286/837 339/1287/838
f 324/1275/831 316/1288/810 271/1276/793
f 321/1272/828 339/1287/838 313/1273/829
f 339/1287/838 338/1286/837 312/1289/804
f 337/1290/839 315/1291/801 316/1288/810
f 337/1290/839 350/1292/840 336/1280/835
f 338/1286/837 344/1293/841 320/1277/832
f 341/1294/842 327/1274/830 317/1284/836
f 351/360/154 337/1290/839 324/1275/831
f 321/1272/828 345/1017/681 338/1286/837
f 342/1295/843 318/1296/844 319/1297/845
f 336/1280/835 349/1298/846 323/1299/847
f 320/1277/832 343/1300/848 332/1278/833
f 379/1301/849 355/367/161 377/1302/850
f 380/1303/851 358/363/157 378/1304/852
f 353/361/155 382/1305/853 381/1306/854
f 382/1305/853 358/363/157 380/1303/851
f 356/365/159 379/1301/849 376/1307/855
f 354/369/163 381/1306/854 377/1302/850
f 378/1304/852 357/366/160 376/1307/855
f 279/1308/856 288/1309/857 280/1310/858
f 285/1257/814 375/1311/859 286/1261/818
f 284/1248/805 373/1312/860 285/1257/814
f 278/1313/861 372/1314/862 279/1308/856
f 283/1243/800 371/1315/863 284/1248/805
f 282/1265/822 370/1316/864 283/1243/800
f 274/1260/817 368/1317/865 275/1263/820
f 280/1310/858 289/1318/866 281/1319/867
f 286/1261/818 290/1320/868 272/1250/807
f 375/1311/859 296/1267/824 290/1320/868
f 373/1312/860 296/1267/824 375/1311/859
f 373/1312/860 295/1321/869 296/1267/824
f 371/1315/863 295/1321/869 373/1312/860
f 287/1322/870 293/1266/823 372/1314/862
f 370/1316/864 295/1321/869 371/1315/863
f 381/1306/854 384/1323/871 386/1324/872
f 376/1307/855 396/1014/678 385/1013/677
f 381/1306/854 395/1325/873 384/1323/871
f 396/1014/678 379/1301/849 393/1016/680
f 395/1325/873 382/1305/853 383/1326/874
f 393/1016/680 379/1301/849 392/1327/875
f 378/1304/852 389/1328/876 391/359/153
f 377/1302/850 388/1329/877 390/1330/878
f 376/1307/855 385/1013/677 387/1331/879
f 394/358/152 351/360/154 352/1332/880
f 388/1329/877 319/1297/845 343/1300/848
f 387/1331/879 348/1333/881 349/1298/846
f 386/1324/872 342/1295/843 319/1297/845
f 385/1013/677 347/1015/679 348/1333/881
f 492/479/249 496/1334/882 517/1335/883
f 517/1335/884 496/1334/885 499/1336/886
f 498/481/251 499/1336/886 496/1334/885
f 503/487/257 505/1337/887 499/1336/886
f 505/1337/887 511/1338/888 499/1336/886
f 508/490/260 511/1338/889 505/1337/887
f 511/1338/888 517/1335/884 499/1336/886
f 518/492/262 517/1335/883 513/1339/890
f 492/479/249 517/1335/883 518/492/262
f 555/1340/891 559/1341/892 538/1342/893
f 530/503/274 559/1341/892 558/519/290
f 533/1061/709 534/1343/894 559/1341/892
f 559/1341/892 534/1343/894 538/1342/893
f 541/505/276 538/1342/893 539/506/277
f 541/505/276 543/1344/895 538/1342/893
f 544/509/280 543/1344/895 541/505/276
f 543/1344/895 546/1345/896 538/1342/893
f 548/512/283 550/511/282 546/1345/896
f 546/1345/896 553/1346/897 538/1342/893
f 554/517/288 553/1346/897 552/516/287
f 553/1346/897 555/1340/891 538/1342/893
f 558/519/290 559/1341/892 555/1340/891
f 639/1347/898 570/1348/899 621/1349/900
f 638/1350/901 576/1351/902 641/1352/903
f 641/1352/903 576/1351/902 592/1353/904
f 621/1349/900 571/1354/905 642/1355/906
f 572/1356/907 573/1357/908 622/1358/909
f 637/1359/910 580/1360/911 650/1361/912
f 650/1361/912 584/1362/913 581/1363/914
f 649/1364/915 647/1365/916 579/1366/917
f 648/1367/918 622/1358/909 574/1368/919
f 645/1369/920 578/1370/921 647/1365/916
f 644/1371/922 642/1355/906 572/1356/907
f 638/1350/901 636/1372/923 576/1351/902
f 573/1357/908 588/1373/924 574/1368/919
f 578/1370/921 593/1374/925 579/1366/917
f 574/1368/919 588/1373/924 589/1375/926
f 579/1366/917 593/1374/925 594/1376/927
f 574/1368/919 589/1375/926 575/1377/928
f 575/1377/928 589/1375/926 590/1378/929
f 570/1348/899 584/1362/913 585/1379/930
f 580/1360/911 595/1380/931 583/1381/932
f 576/1351/902 590/1378/929 591/1382/933
f 570/1348/899 586/1383/934 571/1354/905
f 603/1384/935 609/531/302 604/1385/936
f 604/1385/936 609/531/302 610/1067/716
f 601/1386/937 607/1075/724 602/1387/938
f 630/1388/939 636/1389/923 638/1390/901
f 639/1391/898 626/1392/940 581/1393/914
f 631/1394/941 638/1390/901 641/1395/903
f 643/1396/942 632/1397/943 641/1395/903
f 644/1398/922 627/1399/944 642/1400/906
f 632/1397/943 643/1396/942 645/1401/920
f 633/1402/945 645/1401/920 647/1403/916
f 628/1404/946 646/1405/947 648/1406/918
f 649/1407/915 634/1408/948 647/1403/916
f 629/1409/949 628/1404/946 648/1406/918
f 624/1410/950 637/1411/910 650/1412/912
f 635/1413/951 649/1407/915 582/1414/952
f 625/1415/953 650/1412/912 581/1393/914
f 648/1406/918 646/1405/947 622/1416/909
f 634/1408/948 657/1417/954 633/1402/945
f 629/1409/949 653/1418/955 628/1404/946
f 624/1410/950 651/1419/956 635/1413/951
f 655/1079/728 630/1388/939 631/1394/941
f 646/1405/947 652/1420/957 627/1399/944
f 633/1402/945 656/1421/958 632/1397/943
f 664/536/307 687/1422/959 683/1423/960
f 666/538/309 661/1424/961 684/1425/962
f 686/1426/963 665/534/305 683/1423/960
f 685/1427/964 662/539/310 684/1425/962
f 687/1422/959 663/541/312 685/1427/964
f 661/1424/961 665/534/305 686/1426/963
f 584/1362/913 682/1428/965 585/1379/930
f 589/1375/926 597/1429/966 590/1378/929
f 583/1381/932 677/1430/967 584/1362/913
f 593/1374/925 599/1431/968 594/1376/927
f 588/1373/924 681/1432/969 589/1375/926
f 577/1433/970 680/1434/971 593/1374/925
f 587/1435/972 596/1436/973 588/1373/924
f 586/1383/934 678/1437/974 587/1435/972
f 591/1382/933 679/1438/975 592/1353/904
f 590/1378/929 598/1439/976 591/1382/933
f 585/1379/930 682/1428/965 586/1383/934
f 677/1430/967 605/1440/977 600/1441/978
f 596/1436/973 602/1387/938 681/1432/969
f 679/1438/975 604/1385/936 680/1434/971
f 686/1426/963 660/1078/727 689/1077/726
f 685/1427/964 699/1442/979 659/1443/980
f 660/1078/727 686/1426/963 698/1444/981
f 700/1445/982 684/1425/962 697/1446/983
f 685/1427/964 688/1447/984 699/1442/979
f 698/1444/981 683/1423/960 696/1448/985
f 697/1446/983 684/1425/962 695/1449/986
f 696/1448/985 683/1423/960 694/1450/987
f 687/1422/959 692/1451/988 694/1450/987
f 661/1424/961 691/1452/989 693/1453/990
f 692/1451/988 687/1422/959 690/1454/991
f 661/1424/961 689/1077/726 691/1452/989
f 700/1445/982 658/1455/992 651/1419/956
f 654/1456/993 698/1444/981 653/1418/955
f 697/1446/983 657/1417/954 658/1455/992
f 696/1448/985 628/1404/946 653/1418/955
f 694/1450/987 652/1420/957 628/1404/946
f 691/1452/989 631/1394/941 656/1421/958
f 689/1077/726 655/1079/728 631/1394/941
f 1116/1457/994 1094/1458/995 1098/1459/996
f 1095/824/528 1094/1458/997 1090/819/523
f 1096/828/532 1098/1459/996 1094/1458/995
f 1101/829/533 1103/1460/998 1098/1459/996
f 1103/1460/998 1105/1461/999 1098/1459/996
f 1106/832/536 1103/1460/998 1101/829/533
f 1106/832/536 1105/1461/999 1103/1460/998
f 1105/1461/999 1109/1462/1000 1098/1459/996
f 1108/833/537 1105/1461/999 1106/832/536
f 1109/1462/1000 1114/1463/1001 1098/1459/996
f 1114/1463/1001 1116/1457/994 1098/1459/996
f 1130/851/554 1133/1464/1002 1129/1465/1003
f 1132/850/553 1133/1464/1002 1130/851/554
f 1136/855/558 1133/1464/1002 1132/850/553
f 1129/1465/1003 1133/1464/1002 1138/1466/1004
f 1140/857/560 1141/862/565 1138/1466/1004
f 1143/1467/1005 1148/1468/1006 1138/1466/1004
f 1149/868/571 1148/1468/1007 1146/863/566
f 1155/869/573 1152/1469/1008 1154/867/570
f 1148/1468/1006 1129/1465/1003 1138/1466/1004
f 1152/1469/1008 1129/1465/1003 1148/1468/1007
f 1175/1470/1009 1171/1471/1010 1228/1472/1011
f 1216/1473/1012 1168/1474/1013 1180/1475/1014
f 1231/1476/1015 1171/1471/1010 1186/1477/1016
f 1233/1478/1017 1187/1479/1018 1219/1480/1019
f 1219/1480/1019 1172/1481/1020 1220/1482/1021
f 1237/1483/1022 1169/1484/1023 1240/1485/1024
f 1221/1486/1025 1173/1487/1026 1189/1488/1027
f 1241/1489/1028 1170/1490/1029 1175/1470/1009
f 1242/1491/1030 1167/1492/1031 1176/1493/1032
f 1220/1482/1021 1173/1487/1026 1221/1486/1025
f 1172/1481/1020 1187/1479/1018 1188/1494/1033
f 1170/1490/1029 1183/1495/1034 1184/1496/1035
f 1167/1492/1031 1178/1497/1036 1179/1498/1037
f 1170/1490/1029 1184/1496/1035 1171/1471/1010
f 1174/1499/1038 1189/1488/1027 1190/1500/1039
f 1171/1471/1010 1184/1496/1035 1185/1501/1040
f 1168/1474/1013 1179/1498/1037 1180/1475/1014
f 1169/1484/1023 1181/1502/1041 1182/1503/1042
f 1199/1504/1043 1205/886/589 1200/1505/1044
f 1201/1506/1045 1206/1178/770 1202/883/586
f 1200/1505/1044 1205/886/589 1206/1178/770
f 1201/1506/1045 1202/883/586 1196/1507/1046
f 1200/1505/1044 1206/1178/770 1201/1506/1045
f 1198/1508/1047 1204/880/583 1199/1504/1043
f 1196/1507/1046 1202/883/586 1197/1509/1048
f 1199/1504/1043 1204/880/583 1205/886/589
f 1203/1180/772 1210/881/584 1204/880/583
f 1231/1510/1015 1226/1511/1049 1228/1512/1011
f 1233/1513/1017 1234/1514/1050 1231/1510/1015
f 1247/1515/1051 1235/1516/1052 1237/1517/1022
f 1224/1518/1053 1238/1519/1054 1240/1520/1024
f 1227/1521/1055 1239/1522/1056 1221/1523/1025
f 1241/1524/1028 1224/1518/1053 1240/1520/1024
f 1225/1525/1057 1224/1518/1053 1241/1524/1028
f 1222/1526/1058 1242/1527/1030 1176/1528/1032
f 1177/1529/1059 1227/1521/1055 1243/1530/1060
f 1240/1520/1024 1238/1519/1054 1237/1517/1022
f 1220/1531/1021 1236/1532/1061 1219/1533/1019
f 1230/1534/1062 1216/1535/1012 1217/1536/1063
f 1223/1537/1064 1176/1528/1032 1216/1535/1012
f 1239/1522/1056 1253/1538/1065 1236/1532/1061
f 1224/1518/1053 1248/1539/1066 1238/1519/1054
f 1245/1540/1067 1223/1537/1064 1230/1534/1062
f 1251/1541/1068 1226/1511/1049 1234/1514/1050
f 1247/1515/1051 1246/1542/1069 1232/1543/1070
f 1236/1532/1061 1252/1544/1071 1234/1514/1050
f 1278/1545/1072 1262/896/599 1276/1546/1073
f 1279/1547/1074 1260/890/593 1277/1548/1075
f 1257/1549/1076 1261/891/594 1279/1547/1074
f 1259/894/597 1280/1550/1077 1281/1551/1078
f 1261/891/594 1257/1549/1076 1276/1546/1073
f 1277/1548/1075 1259/894/597 1281/1551/1078
f 1178/1497/1036 1273/1552/1079 1179/1498/1037
f 1183/1495/1034 1192/1553/1080 1184/1496/1035
f 1188/1494/1033 1275/1554/1081 1189/1488/1027
f 1190/1500/1039 1273/1552/1079 1178/1497/1036
f 1187/1479/1018 1195/1555/1082 1188/1494/1033
f 1180/1475/1014 1274/1556/1083 1181/1502/1041
f 1189/1488/1027 1271/1557/1084 1190/1500/1039
f 1272/1558/1085 1196/1507/1046 1197/1509/1048
f 1273/1552/1079 1201/1506/1045 1196/1507/1046
f 1195/1555/1082 1200/1505/1044 1275/1554/1081
f 1281/1551/1078 1255/1559/1086 1284/1560/1087
f 1283/1561/1088 1257/1549/1076 1256/1562/1089
f 1255/1559/1086 1280/1550/1077 1291/1563/1090
f 1279/1547/1074 1290/1564/1091 1256/1562/1089
f 1278/1545/1072 1289/1565/1092 1292/1566/1093
f 1280/1550/1077 1282/1567/1094 1291/1563/1090
f 1277/1548/1075 1288/1568/1095 1290/1564/1091
f 1277/1548/1075 1286/1569/1096 1288/1568/1095
f 1276/1546/1073 1285/1570/1097 1287/1571/1098
f 1286/1569/1096 1281/1551/1078 1284/1560/1087
f 1291/1563/1090 1229/1572/1099 1222/1526/1058
f 1249/1573/1100 1290/1564/1091 1248/1539/1066
f 1291/1563/1090 1244/1574/1101 1229/1572/1099
f 1289/1565/1092 1253/1538/1065 1239/1522/1056
f 1288/1568/1095 1247/1515/1051 1248/1539/1066
f 1253/1538/1065 1287/1571/1098 1252/1544/1071
f 1286/1569/1096 1246/1542/1069 1247/1515/1051
f 1284/1560/1087 1245/1540/1067 1246/1542/1069
f 1283/1561/1088 1250/1575/1102 1251/1541/1068
f 1255/1559/1086 1222/1526/1058 1245/1540/1067
f 1256/1562/1089 1249/1573/1100 1250/1575/1102
f 214/304/99 186/295/90 212/1223/780
f 186/295/90 188/1224/781 212/1223/780
f 186/295/90 190/297/92 188/1224/781
f 198/1227/784 192/1225/782 196/300/95 199/299/94
f 190/297/92 194/296/91 193/1226/783
f 199/299/94 201/1001/660 198/1227/784
f 201/1001/660 204/1002/661 200/1228/785
f 232/1576/1103 226/1235/792 229/320/115 233/323/118
f 200/1228/785 205/302/97 208/1229/786
f 205/302/97 209/301/96 208/1229/786
f 209/301/96 211/305/100 208/1229/786
f 211/305/100 210/1230/787 208/1229/786
f 210/1230/787 212/1223/780 208/1229/786
f 214/304/99 212/1223/780 210/1230/787
f 227/1004/666 229/320/115 226/1235/792
f 235/1231/788 232/1576/1103 233/323/118 236/322/117
f 232/1576/1103 235/1231/788 226/1235/792
f 226/1235/792 251/1234/791 252/336/131 227/1004/666
f 240/327/122 242/333/128 241/1232/789
f 242/333/128 244/1233/790 241/1232/789
f 242/333/128 247/332/127 244/1233/790
f 250/1005/667 252/336/131 251/1234/791
f 275/1263/820 329/1577/1104 326/1578/1105 264/1259/816
f 326/1578/1105 270/1251/808 264/1259/816
f 325/1256/813 280/1310/858 266/1240/797
f 265/1262/819 330/1579/1106 329/1577/1104 275/1263/820
f 267/1241/798 283/1243/800 334/1242/799 331/1254/811
f 333/1580/834 330/1579/1106 265/1262/819
f 277/1246/803 335/1245/802 333/1580/834 265/1262/819
f 284/1248/805 268/1252/809 316/1253/810 315/1244/801
f 312/1247/804 277/1246/803 278/1313/861
f 272/1250/807 340/1249/806 311/1238/795 269/1237/794
f 339/1581/838 312/1247/804 278/1313/861
f 279/1308/856 313/1582/829 339/1581/838 278/1313/861
f 286/1261/818 269/1237/794 268/1252/809 285/1257/814
f 280/1310/858 313/1582/829 279/1308/856
f 270/1251/808 272/1250/807 264/1259/816
f 325/1256/813 313/1582/829 280/1310/858
f 282/1265/822 267/1241/798 266/1240/797 281/1319/867
f 266/1240/797 280/1310/858 281/1319/867
f 275/1263/820 264/1259/816 274/1260/817
f 301/346/140 296/1267/824 295/1321/869 300/353/147
f 294/1270/827 293/1266/823 299/349/143
f 291/1268/825 301/346/140 297/348/142
f 292/1269/826 297/348/142 298/356/150
f 295/1321/869 294/1270/827 300/353/147
f 325/1271/813 328/1583/812 322/1584/1107 321/1272/828
f 326/1585/1105 329/1586/1104 319/1297/845 318/1296/844
f 328/1583/812 314/1587/796 323/1299/847 322/1584/1107
f 319/1297/845 329/1586/1104 330/1588/1106 332/1278/833
f 352/1332/880 324/1275/831 327/1274/830 341/1294/842
f 336/1280/835 323/1299/847 331/1281/811
f 338/1286/837 320/1277/832 335/1283/802
f 316/1288/810 324/1275/831 337/1290/839
f 318/1296/844 317/1284/836 270/1589/808
f 270/1589/808 317/1284/836 340/1285/806
f 340/1285/806 327/1274/830 311/1590/795
f 312/1289/804 338/1286/837 335/1283/802
f 337/1290/839 336/1280/835 315/1291/801
f 315/1291/801 336/1280/835 334/1282/799
f 333/1279/834 332/1278/833 330/1588/1106
f 331/1281/811 323/1299/847 314/1587/796
f 311/1590/795 327/1274/830 271/1276/793
f 326/1585/1105 318/1296/844 270/1589/808
f 350/1292/840 349/1298/846 336/1280/835
f 320/1277/832 344/1293/841 343/1300/848
f 351/360/154 350/1292/840 337/1290/839
f 338/1286/837 345/1017/681 344/1293/841
f 324/1275/831 352/1332/880 351/360/154
f 346/1591/1108 345/1017/681 321/1272/828
f 318/1296/844 342/1295/843 317/1284/836
f 321/1272/828 322/1584/1107 347/1015/679 346/1591/1108
f 347/1015/679 322/1584/1107 323/1299/847 348/1333/881
f 323/1299/847 349/1298/846 348/1333/881
f 332/1278/833 343/1300/848 319/1297/845
f 355/367/161 354/369/163 377/1302/850
f 358/363/157 357/366/160 378/1304/852
f 379/1301/849 356/365/159 355/367/161
f 382/1305/853 353/361/155 358/363/157
f 354/369/163 353/361/155 381/1306/854
f 376/1307/855 357/366/160 356/365/159
f 368/1317/865 274/1260/817 273/1258/815 374/1592/1109
f 374/1592/1109 273/1258/815 272/1250/807 290/1320/868
f 279/1308/856 372/1314/862 288/1309/857
f 285/1257/814 373/1312/860 375/1311/859
f 372/1314/862 278/1313/861 277/1246/803 287/1322/870
f 284/1248/805 371/1315/863 373/1312/860
f 287/1322/870 277/1246/803 276/1264/821 369/1593/1110
f 283/1243/800 370/1316/864 371/1315/863
f 370/1316/864 282/1265/822 281/1319/867 289/1318/866
f 276/1264/821 275/1263/820 369/1593/1110
f 293/1266/823 294/1270/827 288/1309/857 372/1314/862
f 275/1263/820 368/1317/865 369/1593/1110
f 280/1310/858 288/1309/857 289/1318/866
f 286/1261/818 375/1311/859 290/1320/868
f 369/1593/1110 368/1317/865 292/1269/826
f 368/1317/865 291/1268/825 292/1269/826
f 290/1320/868 296/1267/824 291/1268/825
f 289/1318/866 288/1309/857 294/1270/827
f 368/1317/865 374/1592/1109 291/1268/825
f 292/1269/826 293/1266/823 287/1322/870 369/1593/1110
f 374/1592/1109 290/1320/868 291/1268/825
f 380/1303/851 394/358/152 383/1326/874 382/1305/853
f 370/1316/864 294/1270/827 295/1321/869
f 370/1316/864 289/1318/866 294/1270/827
f 376/1307/855 379/1301/849 396/1014/678
f 378/1304/852 391/359/153 394/358/152 380/1303/851
f 395/1325/873 381/1306/854 382/1305/853
f 377/1302/850 390/1330/878 392/1327/875 379/1301/849
f 387/1331/879 389/1328/876 378/1304/852 376/1307/855
f 381/1306/854 386/1324/872 388/1329/877 377/1302/850
f 317/1284/836 342/1295/843 384/1323/871 395/1325/873
f 341/1294/842 317/1284/836 395/1325/873 383/1326/874
f 346/1591/1108 396/1014/678 345/1017/681
f 344/1293/841 345/1017/681 393/1016/680 392/1327/875
f 343/1300/848 344/1293/841 392/1327/875 390/1330/878
f 351/360/154 391/359/153 350/1292/840
f 349/1298/846 350/1292/840 391/359/153 389/1328/876
f 352/1332/880 341/1294/842 383/1326/874 394/358/152
f 390/1330/878 388/1329/877 343/1300/848
f 389/1328/876 387/1331/879 349/1298/846
f 388/1329/877 386/1324/872 319/1297/845
f 387/1331/879 385/1013/677 348/1333/881
f 386/1324/872 384/1323/871 342/1295/843
f 347/1015/679 396/1014/678 346/1591/1108
f 497/478/248 496/1334/882 492/479/249
f 497/478/248 498/481/251 496/1334/882
f 513/1339/890 511/1338/889 512/489/259 514/491/261
f 498/481/251 502/1056/701 499/1336/886
f 502/1056/701 503/487/257 499/1336/886
f 503/487/257 508/490/260 505/1337/887
f 512/489/259 511/1338/889 508/490/260
f 534/1343/894 537/507/278 539/506/277 538/1342/893
f 514/491/261 516/1057/702 513/1339/890
f 513/1339/890 517/1335/883 511/1338/889
f 516/1057/702 518/492/262 513/1339/890
f 530/503/274 533/1061/709 559/1341/892
f 533/1061/709 537/507/278 534/1343/894
f 553/1346/897 554/517/288 556/518/289 555/1340/891
f 544/509/280 546/1345/896 543/1344/895
f 548/512/283 546/1345/896 544/509/280
f 550/511/282 553/1346/1111 546/1345/896
f 552/516/287 553/1346/1111 550/511/282
f 580/1360/911 637/1359/910 582/1594/952 594/1376/927
f 556/518/289 558/519/290 555/1340/891
f 581/1363/914 584/1362/913 570/1348/899
f 577/1433/970 645/1369/920 643/1595/942 592/1353/904
f 636/1372/923 575/1377/928 576/1351/902
f 639/1347/898 581/1363/914 570/1348/899
f 621/1349/900 570/1348/899 571/1354/905
f 643/1595/942 641/1352/903 592/1353/904
f 572/1356/907 642/1355/906 571/1354/905
f 594/1376/927 582/1594/952 649/1364/915 579/1366/917
f 645/1369/920 577/1433/970 578/1370/921
f 622/1358/909 573/1357/908 574/1368/919
f 579/1366/917 647/1365/916 578/1370/921
f 575/1377/928 623/1596/1112 574/1368/919
f 650/1361/912 580/1360/911 584/1362/913
f 586/1383/934 587/1435/972 572/1356/907 571/1354/905
f 636/1372/923 623/1596/1112 575/1377/928
f 648/1367/918 574/1368/919 623/1596/1112
f 622/1358/909 644/1371/922 572/1356/907
f 578/1370/921 577/1433/970 593/1374/925
f 580/1360/911 583/1381/932 584/1362/913
f 580/1360/911 594/1376/927 595/1380/931
f 576/1351/902 575/1377/928 590/1378/929
f 570/1348/899 585/1379/930 586/1383/934
f 592/1353/904 576/1351/902 591/1382/933
f 587/1435/972 588/1373/924 573/1357/908 572/1356/907
f 611/1066/715 605/1440/977 604/1385/936 610/1067/716
f 602/1387/938 607/1075/724 608/1072/721
f 609/531/302 603/1384/935 602/1387/938 608/1072/721
f 605/1440/977 611/1066/715 606/1070/719
f 600/1441/978 605/1440/977 606/1070/719
f 606/1070/719 607/1075/724 601/1386/937 600/1441/978
f 635/1413/951 582/1414/952 637/1411/910 624/1410/950
f 581/1393/914 626/1392/940 625/1415/953
f 621/1597/900 642/1400/906 627/1399/944 640/1598/1113
f 638/1390/901 631/1394/941 630/1388/939
f 640/1598/1113 626/1392/940 639/1391/898
f 632/1397/943 631/1394/941 641/1395/903
f 629/1409/949 623/1599/1112 636/1389/923 630/1388/939
f 644/1398/922 646/1405/947 627/1399/944
f 633/1402/945 632/1397/943 645/1401/920
f 647/1403/916 634/1408/948 633/1402/945
f 649/1407/915 635/1413/951 634/1408/948
f 650/1412/912 625/1415/953 624/1410/950
f 657/1417/954 634/1408/948 635/1413/951 658/1455/992
f 623/1599/1112 629/1409/949 648/1406/918
f 622/1416/909 646/1405/947 644/1398/922
f 621/1597/900 640/1598/1113 639/1391/898
f 657/1417/954 656/1421/958 633/1402/945
f 629/1409/949 630/1388/939 654/1456/993 653/1418/955
f 625/1415/953 651/1419/956 624/1410/950
f 676/1600/1114 595/1380/931 594/1376/927 599/1431/968
f 635/1413/951 651/1419/956 658/1455/992
f 655/1079/728 654/1456/993 630/1388/939
f 627/1399/944 652/1420/957 640/1598/1113
f 632/1397/943 656/1421/958 631/1394/941
f 646/1405/947 628/1404/946 652/1420/957
f 683/1423/960 665/534/305 664/536/307
f 662/539/310 666/538/309 684/1425/962
f 685/1427/964 663/541/312 662/539/310
f 664/536/307 663/541/312 687/1422/959
f 661/1424/961 666/538/309 665/534/305
f 680/1434/971 577/1433/970 592/1353/904 679/1438/975
f 584/1362/913 677/1430/967 682/1428/965
f 589/1375/926 681/1432/969 597/1429/966
f 593/1374/925 680/1434/971 599/1431/968
f 588/1373/924 596/1436/973 681/1432/969
f 677/1430/967 583/1381/932 595/1380/931 676/1600/1114
f 587/1435/972 678/1437/974 596/1436/973
f 591/1382/933 598/1439/976 679/1438/975
f 586/1383/934 682/1428/965 678/1437/974
f 604/1385/936 605/1440/977 599/1431/968 680/1434/971
f 590/1378/929 597/1429/966 598/1439/976
f 678/1437/974 682/1428/965 601/1386/937
f 682/1428/965 600/1441/978 601/1386/937
f 677/1430/967 676/1600/1114 605/1440/977
f 598/1439/976 597/1429/966 603/1384/935
f 597/1429/966 602/1387/938 603/1384/935
f 676/1600/1114 599/1431/968 605/1440/977
f 682/1428/965 677/1430/967 600/1441/978
f 597/1429/966 681/1432/969 602/1387/938
f 601/1386/937 602/1387/938 596/1436/973 678/1437/974
f 603/1384/935 604/1385/936 679/1438/975 598/1439/976
f 659/1443/980 690/1454/991 687/1422/959 685/1427/964
f 689/1077/726 661/1424/961 686/1426/963
f 684/1425/962 700/1445/982 688/1447/984 685/1427/964
f 693/1453/990 695/1449/986 684/1425/962 661/1424/961
f 686/1426/963 683/1423/960 698/1444/981
f 625/1415/953 626/1392/940 659/1443/980 699/1442/979
f 683/1423/960 687/1422/959 694/1450/987
f 651/1419/956 625/1415/953 699/1442/979 688/1447/984
f 660/1078/727 698/1444/981 654/1456/993
f 700/1445/982 697/1446/983 658/1455/992
f 656/1421/958 657/1417/954 695/1449/986 693/1453/990
f 698/1444/981 696/1448/985 653/1418/955
f 697/1446/983 695/1449/986 657/1417/954
f 696/1448/985 694/1450/987 628/1404/946
f 640/1598/1113 652/1420/957 692/1451/988 690/1454/991
f 694/1450/987 692/1451/988 652/1420/957
f 693/1453/990 691/1452/989 656/1421/958
f 626/1392/940 640/1598/1113 690/1454/991 659/1443/980
f 691/1452/989 689/1077/726 631/1394/941
f 655/1079/728 660/1078/727 654/1456/993
f 688/1447/984 700/1445/982 651/1419/956
f 1105/1461/999 1108/833/537 1110/836/540 1109/1462/1000
f 1090/819/523 1094/1458/997 1116/1457/994
f 1095/824/528 1096/828/532 1094/1458/997
f 1096/828/532 1099/827/531 1098/1459/996
f 1099/827/531 1101/829/533 1098/1459/996
f 1110/836/540 1111/835/539 1109/1462/1000
f 1111/835/539 1114/1463/1001 1109/1462/1000
f 1111/835/539 1113/840/544 1114/1463/1001
f 1114/1463/1001 1113/840/544 1118/820/524 1116/1457/994
f 1133/1464/1002 1136/855/558 1135/854/557 1138/1466/1004
f 1118/820/524 1090/819/523 1116/1457/994
f 1155/869/573 1129/1465/1003 1152/1469/1008
f 1155/869/573 1130/851/554 1129/1465/1003
f 1148/1468/1007 1149/868/571 1154/867/570 1152/1469/1008
f 1135/854/557 1140/857/560 1138/1466/1004
f 1141/862/565 1143/1467/1005 1138/1466/1004
f 1141/862/565 1145/861/564 1143/1467/1005
f 1145/861/564 1146/863/566 1143/1467/1005
f 1146/863/566 1148/1468/1006 1143/1467/1005
f 1180/1475/1014 1181/1502/1041 1218/1601/1115 1217/1602/1063
f 1175/1470/1009 1170/1490/1029 1171/1471/1010
f 1176/1493/1032 1167/1492/1031 1168/1474/1013
f 1217/1602/1063 1216/1473/1012 1180/1475/1014
f 1186/1477/1016 1187/1479/1018 1233/1478/1017 1231/1476/1015
f 1181/1502/1041 1169/1484/1023 1235/1603/1052 1218/1601/1115
f 1174/1499/1038 1177/1604/1059 1243/1605/1060 1189/1488/1027
f 1219/1480/1019 1187/1479/1018 1172/1481/1020
f 1237/1483/1022 1235/1603/1052 1169/1484/1023
f 1220/1482/1021 1172/1481/1020 1173/1487/1026
f 1240/1485/1024 1169/1484/1023 1170/1490/1029
f 1215/1606/1116 1174/1499/1038 1167/1492/1031
f 1243/1605/1060 1221/1486/1025 1189/1488/1027
f 1182/1503/1042 1183/1495/1034 1170/1490/1029 1169/1484/1023
f 1215/1606/1116 1167/1492/1031 1242/1491/1030
f 1240/1485/1024 1170/1490/1029 1241/1489/1028
f 1231/1476/1015 1228/1472/1011 1171/1471/1010
f 1177/1604/1059 1174/1499/1038 1215/1606/1116
f 1176/1493/1032 1168/1474/1013 1216/1473/1012
f 1173/1487/1026 1172/1481/1020 1188/1494/1033
f 1178/1497/1036 1167/1492/1031 1174/1499/1038 1190/1500/1039
f 1173/1487/1026 1188/1494/1033 1189/1488/1027
f 1168/1474/1013 1167/1492/1031 1179/1498/1037
f 1171/1471/1010 1185/1501/1040 1186/1477/1016
f 1198/1508/1047 1197/1509/1048 1203/1180/772
f 1198/1508/1047 1203/1180/772 1204/880/583
f 1197/1509/1048 1202/883/586 1203/1180/772
f 1175/1607/1009 1228/1512/1011 1226/1511/1049 1225/1525/1057
f 1223/1537/1064 1222/1526/1058 1176/1528/1032
f 1177/1529/1059 1229/1572/1099 1227/1521/1055
f 1229/1572/1099 1215/1608/1116 1242/1527/1030 1222/1526/1058
f 1231/1510/1015 1234/1514/1050 1226/1511/1049
f 1235/1516/1052 1247/1515/1051 1232/1543/1070
f 1238/1519/1054 1247/1515/1051 1237/1517/1022
f 1217/1536/1063 1218/1609/1115 1232/1543/1070 1230/1534/1062
f 1175/1607/1009 1225/1525/1057 1241/1524/1028
f 1243/1530/1060 1227/1521/1055 1221/1523/1025
f 1221/1523/1025 1239/1522/1056 1220/1531/1021
f 1220/1531/1021 1239/1522/1056 1236/1532/1061
f 1219/1533/1019 1236/1532/1061 1234/1514/1050
f 1235/1516/1052 1232/1543/1070 1218/1609/1115
f 1219/1533/1019 1234/1514/1050 1233/1513/1017
f 1248/1539/1066 1224/1518/1053 1225/1525/1057 1249/1573/1100
f 1230/1534/1062 1223/1537/1064 1216/1535/1012
f 1215/1608/1116 1229/1572/1099 1177/1529/1059
f 1236/1532/1061 1253/1538/1065 1252/1544/1071
f 1238/1519/1054 1248/1539/1066 1247/1515/1051
f 1254/1610/1117 1239/1522/1056 1227/1521/1055
f 1254/1610/1117 1227/1521/1055 1229/1572/1099 1244/1574/1101
f 1249/1573/1100 1225/1525/1057 1226/1511/1049 1250/1575/1102
f 1230/1534/1062 1232/1543/1070 1246/1542/1069 1245/1540/1067
f 1223/1537/1064 1245/1540/1067 1222/1526/1058
f 1251/1541/1068 1250/1575/1102 1226/1511/1049
f 1278/1545/1072 1280/1550/1077 1258/893/596 1262/896/599
f 1252/1544/1071 1251/1541/1068 1234/1514/1050
f 1277/1548/1075 1260/890/593 1259/894/597
f 1279/1547/1074 1261/891/594 1260/890/593
f 1280/1550/1077 1259/894/597 1258/893/596
f 1262/896/599 1261/891/594 1276/1546/1073
f 1192/1553/1080 1183/1495/1034 1182/1503/1042 1191/1611/1118
f 1179/1498/1037 1273/1552/1079 1272/1558/1085
f 1189/1488/1027 1275/1554/1081 1271/1557/1084
f 1191/1611/1118 1182/1503/1042 1181/1502/1041 1274/1556/1083
f 1188/1494/1033 1195/1555/1082 1275/1554/1081
f 1195/1555/1082 1187/1479/1018 1186/1477/1016 1194/1612/1119
f 1274/1556/1083 1180/1475/1014 1179/1498/1037 1272/1558/1085
f 1194/1612/1119 1186/1477/1016 1185/1501/1040 1193/1613/1120
f 1193/1613/1120 1185/1501/1040 1184/1496/1035 1192/1553/1080
f 1190/1500/1039 1271/1557/1084 1273/1552/1079
f 1198/1508/1047 1199/1504/1043 1193/1613/1120 1192/1553/1080
f 1274/1556/1083 1272/1558/1085 1197/1509/1048
f 1194/1612/1119 1193/1613/1120 1199/1504/1043
f 1273/1552/1079 1271/1557/1084 1201/1506/1045
f 1200/1505/1044 1201/1506/1045 1271/1557/1084 1275/1554/1081
f 1272/1558/1085 1273/1552/1079 1196/1507/1046
f 1278/1545/1072 1292/1566/1093 1282/1567/1094 1280/1550/1077
f 1192/1553/1080 1191/1611/1118 1198/1508/1047
f 1191/1611/1118 1197/1509/1048 1198/1508/1047
f 1195/1555/1082 1199/1504/1043 1200/1505/1044
f 1191/1611/1118 1274/1556/1083 1197/1509/1048
f 1195/1555/1082 1194/1612/1119 1199/1504/1043
f 1281/1551/1078 1280/1550/1077 1255/1559/1086
f 1256/1562/1089 1257/1549/1076 1279/1547/1074
f 1287/1571/1098 1289/1565/1092 1278/1545/1072 1276/1546/1073
f 1279/1547/1074 1277/1548/1075 1290/1564/1091
f 1257/1549/1076 1283/1561/1088 1285/1570/1097 1276/1546/1073
f 1277/1548/1075 1281/1551/1078 1286/1569/1096
f 1239/1522/1056 1254/1610/1117 1292/1566/1093 1289/1565/1092
f 1255/1559/1086 1291/1563/1090 1222/1526/1058
f 1256/1562/1089 1290/1564/1091 1249/1573/1100
f 1251/1541/1068 1252/1544/1071 1285/1570/1097 1283/1561/1088
f 1291/1563/1090 1282/1567/1094 1244/1574/1101
f 1290/1564/1091 1288/1568/1095 1248/1539/1066
f 1253/1538/1065 1289/1565/1092 1287/1571/1098
f 1288/1568/1095 1286/1569/1096 1247/1515/1051
f 1287/1571/1098 1285/1570/1097 1252/1544/1071
f 1286/1569/1096 1284/1560/1087 1246/1542/1069
f 1254/1610/1117 1244/1574/1101 1282/1567/1094 1292/1566/1093
f 1284/1560/1087 1255/1559/1086 1245/1540/1067
f 1283/1561/1088 1256/1562/1089 1250/1575/1102
usemtl M_TableSides
f 799/1125/744 795/1614/1121 796/643/373
f 800/1124/743 798/1615/1122 799/1125/744
f 798/1615/1123 803/1616/1124 795/1614/1121
f 801/649/379 803/1616/1124 798/1615/1123
f 804/1126/745 803/1616/1124 801/649/379
f 803/1616/1124 809/1617/1125 795/1614/1121
f 808/1618/1126 809/1617/1127 803/1616/1124
f 811/652/382 809/1617/1127 810/1128/747
f 811/652/382 814/1619/1128 809/1617/1127
f 809/1617/1125 814/1619/1129 795/1614/1121
f 817/657/387 814/1619/1129 816/655/385
f 819/644/374 814/1619/1129 817/657/387
f 819/644/374 795/1614/1121 814/1619/1129
f 834/671/401 858/1620/1130 832/669/399
f 858/1620/1130 836/1621/1131 842/1622/1132
f 840/675/405 836/1621/1131 837/674/404
f 847/681/411 844/1623/1133 845/678/408
f 846/1624/1134 854/1625/1135 842/1622/1132
f 851/1626/1136 854/1625/1135 846/1624/1134
f 853/683/413 851/1626/1136 850/684/414
f 853/683/413 854/1625/1135 851/1626/1136
f 856/687/417 854/1625/1135 853/683/413
f 854/1625/1135 858/1620/1130 842/1622/1132
f 856/687/417 858/1620/1130 854/1625/1135
f 832/669/399 858/1620/1130 856/687/417
f 933/1627/1137 889/1628/1138 890/1629/1139
f 933/1627/1137 890/1629/1139 935/1630/1140
f 935/1630/1140 873/1631/1141 919/1632/1142
f 870/1633/1143 886/1634/1144 938/1635/1145
f 919/1632/1142 874/1636/1146 920/1637/1147
f 920/1637/1147 874/1636/1146 875/1638/1148
f 875/1638/1148 876/1639/1149 879/1640/1150
f 920/1637/1147 875/1638/1148 944/1641/1151
f 877/1642/1152 942/1643/1153 871/1644/1154
f 938/1635/1145 936/1645/1155 870/1633/1143
f 873/1631/1141 890/1629/1139 891/1646/1156
f 886/1634/1144 887/1647/1157 871/1644/1154
f 871/1644/1154 887/1647/1157 888/1648/1158
f 872/1649/1159 888/1648/1158 889/1628/1138
f 870/1633/1143 884/1650/1160 885/1651/1161
f 900/1652/1162 905/1132/754 901/1653/1163
f 898/1654/1164 904/699/428 899/1655/1165
f 899/1655/1165 904/699/428 905/1132/754
f 921/1656/1166 943/1657/1167 927/1658/1168
f 924/1659/1169 929/1660/1170 931/1661/1171
f 934/1662/1172 921/1656/1166 932/1663/1173
f 925/1664/1174 933/1665/1137 935/1666/1140
f 937/1667/1175 925/1664/1174 935/1666/1140
f 922/1668/1176 940/1669/1177 942/1670/1153
f 877/1671/1152 922/1668/1176 942/1670/1153
f 923/1672/1178 922/1668/1176 877/1671/1152
f 879/1673/1150 926/1674/1179 944/1675/1151
f 943/1657/1167 930/1676/1180 878/1677/1181
f 937/1667/1175 935/1666/1140 919/1678/1142
f 932/1663/1173 921/1656/1166 927/1658/1168
f 930/1676/1180 928/1679/1182 879/1673/1150
f 923/1672/1178 877/1671/1152 918/1680/1183
f 940/1669/1177 950/1681/1184 949/1682/1185
f 939/1683/1186 954/1684/1187 937/1667/1175
f 922/1668/1176 951/1685/1188 940/1669/1177
f 929/1660/1170 952/1686/1189 923/1672/1178
f 921/1656/1166 947/1687/1190 943/1657/1167
f 948/1688/1191 921/1656/1166 934/1662/1172
f 937/1667/1175 953/1689/1192 925/1664/1174
f 958/714/443 955/1690/1193 978/1691/1194
f 956/707/436 980/1692/1195 979/1693/1196
f 961/710/439 977/1694/1197 980/1692/1195
f 981/1695/1198 959/713/442 978/1691/1194
f 955/1690/1193 957/708/437 979/1693/1196
f 960/711/440 981/1695/1198 977/1694/1197
f 966/1136/758 958/714/443 959/713/442
f 886/1634/1144 973/1696/1199 887/1647/1157
f 891/1646/1156 974/1697/1200 892/1698/1201
f 893/1699/1202 972/1700/1203 880/1701/1204
f 885/1651/1161 973/1696/1199 886/1634/1144
f 890/1629/1139 897/1702/1205 891/1646/1156
f 884/1650/1160 894/1703/1206 885/1651/1161
f 882/1704/1207 971/1705/1208 883/1706/1209
f 887/1647/1157 895/1707/1210 888/1648/1158
f 971/1705/1208 898/1654/1164 899/1655/1165
f 975/1708/1211 898/1654/1164 971/1705/1208
f 972/1700/1203 903/1709/1212 898/1654/1164
f 974/1697/1200 902/1710/1213 903/1709/1212
f 897/1702/1205 902/1710/1213 974/1697/1200
f 984/1711/1214 981/1695/1198 982/1712/1215
f 979/1693/1196 994/1713/1216 983/1714/1217
f 992/1715/1218 980/1692/1195 995/1716/1219
f 977/1694/1197 991/1717/1220 995/1716/1219
f 980/1692/1195 992/1715/1218 994/1713/1216
f 993/1718/1221 978/1691/1194 990/1719/1222
f 991/1717/1220 977/1694/1197 988/1720/1223
f 955/1690/1193 987/1721/1224 989/1722/1225
f 977/1694/1197 986/1723/1226 988/1720/1223
f 987/1721/1224 955/1690/1193 985/1724/1227
f 986/1723/1226 981/1695/1198 984/1711/1214
f 994/1713/1216 946/1725/1228 947/1687/1190
f 952/1686/1189 993/1718/1221 951/1685/1188
f 954/1684/1187 988/1720/1223 953/1689/1192
f 819/644/374 796/643/373 795/1614/1121
f 799/1125/744 798/1615/1123 795/1614/1121
f 800/1124/743 801/649/379 798/1615/1122
f 836/1621/1131 858/1620/1130 834/671/401 837/674/404
f 804/1126/745 806/1127/746 803/1616/1124
f 806/1127/746 808/1618/1126 803/1616/1124
f 806/1127/746 810/1128/747 808/1618/1126
f 810/1128/747 809/1617/1127 808/1618/1126
f 815/651/381 814/1619/1128 811/652/382
f 815/651/381 816/655/385 814/1619/1128
f 817/657/387 820/642/372 819/644/374
f 844/1623/1133 842/1622/1132 843/676/406 845/678/408
f 840/675/405 842/1622/1132 836/1621/1131
f 840/675/405 843/676/406 842/1622/1132
f 888/1648/1158 918/1726/1183 877/1642/1152 871/1644/1154
f 844/1623/1133 846/1624/1134 842/1622/1132
f 847/681/411 846/1624/1134 844/1623/1133
f 847/681/411 850/684/414 846/1624/1134
f 850/684/414 851/1626/1136 846/1624/1134
f 882/1704/1207 927/1727/1168 878/1728/1181 881/1729/1229
f 876/1639/1149 880/1701/1204 930/1730/1180 879/1640/1150
f 888/1648/1158 872/1649/1159 931/1731/1171 918/1726/1183
f 882/1704/1207 883/1706/1209 932/1732/1173 927/1727/1168
f 872/1649/1159 889/1628/1138 933/1627/1137 931/1731/1171
f 883/1706/1209 884/1650/1160 917/1733/1230 932/1732/1173
f 884/1650/1160 870/1633/1143 936/1645/1155 917/1733/1230
f 881/1729/1229 878/1728/1181 930/1730/1180 880/1701/1204
f 935/1630/1140 890/1629/1139 873/1631/1141
f 919/1632/1142 873/1631/1141 874/1636/1146
f 942/1643/1153 938/1635/1145 886/1634/1144
f 871/1644/1154 942/1643/1153 886/1634/1144
f 892/1698/1201 875/1638/1148 874/1636/1146 891/1646/1156
f 944/1641/1151 875/1638/1148 879/1640/1150
f 874/1636/1146 873/1631/1141 891/1646/1156
f 886/1634/1144 870/1633/1143 885/1651/1161
f 893/1699/1202 876/1639/1149 875/1638/1148 892/1698/1201
f 904/699/428 898/1654/1164 903/1709/1212 908/697/426
f 880/1701/1204 876/1639/1149 893/1699/1202
f 902/1710/1213 976/1734/1231 907/704/433
f 900/1652/1162 899/1655/1165 905/1132/754
f 903/1709/1212 902/1710/1213 907/704/433
f 903/1709/1212 907/704/433 908/697/426
f 901/1653/1163 905/1132/754 906/701/430
f 976/1734/1231 901/1653/1163 906/701/430
f 976/1734/1231 906/701/430 907/704/433
f 936/1735/1155 938/1736/1145 940/1669/1177 949/1682/1185
f 928/1679/1182 926/1674/1179 879/1673/1150
f 933/1665/1137 925/1664/1174 924/1659/1169
f 936/1735/1155 949/1682/1185 934/1662/1172
f 939/1683/1186 919/1678/1142 920/1737/1147 941/1738/1232
f 943/1657/1167 928/1679/1182 930/1676/1180
f 944/1675/1151 926/1674/1179 941/1738/1232
f 944/1675/1151 941/1738/1232 920/1737/1147
f 942/1670/1153 940/1669/1177 938/1736/1145
f 945/1739/1233 928/1679/1182 943/1657/1167 946/1725/1228
f 919/1678/1142 939/1683/1186 937/1667/1175
f 936/1735/1155 934/1662/1172 917/1740/1230
f 917/1740/1230 934/1662/1172 932/1663/1173
f 933/1665/1137 924/1659/1169 931/1661/1171
f 931/1661/1171 929/1660/1170 918/1680/1183
f 929/1660/1170 923/1672/1178 918/1680/1183
f 927/1658/1168 943/1657/1167 878/1677/1181
f 937/1667/1175 954/1684/1187 953/1689/1192
f 951/1685/1188 950/1681/1184 940/1669/1177
f 922/1668/1176 923/1672/1178 952/1686/1189 951/1685/1188
f 926/1674/1179 939/1683/1186 941/1738/1232
f 970/1741/1234 893/1699/1202 892/1698/1201 974/1697/1200
f 943/1657/1167 947/1687/1190 946/1725/1228
f 945/1739/1233 926/1674/1179 928/1679/1182
f 948/1688/1191 947/1687/1190 921/1656/1166
f 953/1689/1192 924/1659/1169 925/1664/1174
f 934/1662/1172 949/1682/1185 948/1688/1191
f 977/1694/1197 961/710/439 960/711/440
f 978/1691/1194 959/713/442 958/714/443
f 979/1693/1196 957/708/437 956/707/436
f 956/707/436 961/710/439 980/1692/1195
f 981/1695/1198 960/711/440 959/713/442
f 958/714/443 957/708/437 955/1690/1193
f 975/1708/1211 881/1729/1229 880/1701/1204 972/1700/1203
f 897/1702/1205 890/1629/1139 889/1628/1138 896/1742/1235
f 887/1647/1157 973/1696/1199 895/1707/1210
f 891/1646/1156 897/1702/1205 974/1697/1200
f 885/1651/1161 894/1703/1206 973/1696/1199
f 894/1703/1206 884/1650/1160 883/1706/1209 971/1705/1208
f 896/1742/1235 889/1628/1138 888/1648/1158 895/1707/1210
f 971/1705/1208 882/1704/1207 881/1729/1229 975/1708/1211
f 893/1699/1202 970/1741/1234 972/1700/1203
f 901/1653/1163 976/1734/1231 896/1742/1235 895/1707/1210
f 899/1655/1165 900/1652/1162 973/1696/1199 894/1703/1206
f 972/1700/1203 970/1741/1234 903/1709/1212
f 970/1741/1234 974/1697/1200 903/1709/1212
f 975/1708/1211 972/1700/1203 898/1654/1164
f 895/1707/1210 973/1696/1199 901/1653/1163
f 973/1696/1199 900/1652/1162 901/1653/1163
f 983/1714/1217 985/1724/1227 955/1690/1193 979/1693/1196
f 897/1702/1205 976/1734/1231 902/1710/1213
f 897/1702/1205 896/1742/1235 976/1734/1231
f 894/1703/1206 971/1705/1208 899/1655/1165
f 993/1718/1221 982/1712/1215 981/1695/1198 978/1691/1194
f 989/1722/1225 990/1719/1222 978/1691/1194 955/1690/1193
f 980/1692/1195 977/1694/1197 995/1716/1219
f 994/1713/1216 979/1693/1196 980/1692/1195
f 939/1683/1186 926/1674/1179 995/1716/1219 991/1717/1220
f 977/1694/1197 981/1695/1198 986/1723/1226
f 945/1739/1233 946/1725/1228 994/1713/1216 992/1715/1218
f 954/1684/1187 939/1683/1186 991/1717/1220 988/1720/1223
f 951/1685/1188 993/1718/1221 990/1719/1222
f 950/1681/1184 951/1685/1188 990/1719/1222 989/1722/1225
f 987/1721/1224 949/1682/1185 950/1681/1184 989/1722/1225
f 948/1688/1191 949/1682/1185 987/1721/1224 985/1724/1227
f 988/1720/1223 986/1723/1226 953/1689/1192
f 924/1659/1169 953/1689/1192 986/1723/1226 984/1711/1214
f 947/1687/1190 948/1688/1191 985/1724/1227 983/1714/1217
f 929/1660/1170 924/1659/1169 984/1711/1214 982/1712/1215
f 952/1686/1189 929/1660/1170 982/1712/1215 993/1718/1221
f 945/1739/1233 992/1715/1218 926/1674/1179
f 983/1714/1217 994/1713/1216 947/1687/1190
f 992/1715/1218 995/1716/1219 926/1674/1179
o Cube.012_Cube.017
v 0.354316 0.086569 -0.696508
v 0.354316 0.235203 -0.696508
v 0.381829 0.086569 -0.668995
v 0.381829 0.235203 -0.668995
v 0.381829 0.086569 -0.696508
v 0.381829 0.235203 -0.696508
v 0.348745 0.084795 -0.699335
v 0.384656 0.084795 -0.663425
v 0.384656 0.084795 -0.699335
v 0.384656 0.084795 -0.699335
v 0.348745 0.084795 -0.699335
v 0.384656 0.084795 -0.663425
v 0.348745 0.084795 -0.663425
v -0.358100 0.086569 0.699635
v -0.358100 0.235204 0.699635
v -0.385613 0.086569 0.672122
v -0.385613 0.235204 0.672122
v -0.385613 0.086569 0.699635
v -0.385613 0.235204 0.699635
v -0.352529 0.084795 0.702462
v -0.388440 0.084795 0.666551
v -0.388440 0.084795 0.702462
v -0.388440 0.084795 0.702462
v -0.352529 0.084795 0.702462
v -0.388440 0.084795 0.666551
v -0.352529 0.084795 0.666551
v 0.381829 0.086569 0.672122
v 0.381829 0.235204 0.672122
v 0.354316 0.086569 0.699635
v 0.354316 0.235204 0.699635
v 0.381829 0.086569 0.699635
v 0.381829 0.235204 0.699635
v 0.384656 0.084795 0.666551
v 0.348745 0.084795 0.702462
v 0.384656 0.084795 0.702462
v 0.384656 0.084795 0.702462
v 0.384656 0.084795 0.666551
v 0.348745 0.084795 0.702462
v 0.348745 0.084795 0.666551
v -0.381697 0.086569 -0.668995
v -0.381697 0.235203 -0.668995
v -0.354184 0.086569 -0.696508
v -0.354184 0.235203 -0.696508
v -0.381697 0.086569 -0.696508
v -0.381697 0.235203 -0.696508
v -0.384524 0.084795 -0.663424
v -0.348614 0.084795 -0.699335
v -0.384524 0.084795 -0.699335
v -0.384524 0.084795 -0.699335
v -0.384524 0.084795 -0.663424
v -0.348614 0.084795 -0.699335
v -0.348614 0.084795 -0.663425
vt 0.375000 0.250000
vt 0.625000 0.250000
vt 0.625000 0.500000
vt 0.375000 0.500000
vt 0.625000 0.750000
vt 0.375000 0.750000
vt 0.375000 0.750000
vt 0.375000 0.500000
vt 0.375000 0.250000
vt 0.000000 0.000000
vt 0.000000 1.000000
vt 1.000000 1.000000
vt 1.000000 0.000000
vt 0.375000 0.250000
vt 0.625000 0.250000
vt 0.625000 0.500000
vt 0.375000 0.500000
vt 0.625000 0.750000
vt 0.375000 0.750000
vt 0.375000 0.750000
vt 0.375000 0.500000
vt 0.375000 0.250000
vt 0.000000 0.000000
vt 0.000000 1.000000
vt 1.000000 1.000000
vt 1.000000 0.000000
vt 0.375000 0.250000
vt 0.625000 0.250000
vt 0.625000 0.500000
vt 0.375000 0.500000
vt 0.625000 0.750000
vt 0.375000 0.750000
vt 0.375000 0.750000
vt 0.375000 0.500000
vt 0.375000 0.250000
vt 0.000000 0.000000
vt 0.000000 1.000000
vt 1.000000 1.000000
vt 1.000000 0.000000
vt 0.375000 0.250000
vt 0.625000 0.250000
vt 0.625000 0.500000
vt 0.375000 0.500000
vt 0.625000 0.750000
vt 0.375000 0.750000
vt 0.375000 0.750000
vt 0.375000 0.500000
vt 0.375000 0.250000
vt 0.000000 0.000000
vt 0.000000 1.000000
vt 1.000000 1.000000
vt 1.000000 0.000000
vn 0.0000 -0.0000 -1.0000
vn 1.0000 -0.0000 -0.0000
vn 0.5315 0.8471 -0.0000
vn -0.0000 0.8471 -0.5315
vn 0.0000 -1.0000 0.0000
vn 0.0000 0.0000 1.0000
vn -1.0000 -0.0000 0.0000
vn -0.5315 0.8471 0.0000
vn 0.0000 0.8471 0.5315
usemtl M_TableTops
s 1
f 1387/1743/1236 1388/1744/1236 1392/1745/1236 1391/1746/1236
f 1391/1746/1237 1392/1745/1237 1390/1747/1237 1389/1748/1237
f 1391/1746/1238 1389/1748/1238 1394/1749/1238 1395/1750/1238
f 1387/1743/1239 1391/1746/1239 1395/1750/1239 1393/1751/1239
f 1396/1752/1240 1398/1753/1240 1399/1754/1240 1397/1755/1240
f 1400/1756/1241 1401/1757/1241 1405/1758/1241 1404/1759/1241
f 1404/1759/1242 1405/1758/1242 1403/1760/1242 1402/1761/1242
f 1404/1759/1243 1402/1761/1243 1407/1762/1243 1408/1763/1243
f 1400/1756/1244 1404/1759/1244 1408/1763/1244 1406/1764/1244
f 1409/1765/1240 1411/1766/1240 1412/1767/1240 1410/1768/1240
f 1413/1769/1237 1414/1770/1237 1418/1771/1237 1417/1772/1237
f 1417/1772/1241 1418/1771/1241 1416/1773/1241 1415/1774/1241
f 1417/1772/1244 1415/1774/1244 1420/1775/1244 1421/1776/1244
f 1413/1769/1238 1417/1772/1238 1421/1776/1238 1419/1777/1238
f 1422/1778/1240 1424/1779/1240 1425/1780/1240 1423/1781/1240
f 1426/1782/1242 1427/1783/1242 1431/1784/1242 1430/1785/1242
f 1430/1785/1236 1431/1784/1236 1429/1786/1236 1428/1787/1236
f 1430/1785/1239 1428/1787/1239 1433/1788/1239 1434/1789/1239
f 1426/1782/1243 1430/1785/1243 1434/1789/1243 1432/1790/1243
f 1435/1791/1240 1437/1792/1240 1438/1793/1240 1436/1794/1240
